go_struct,type_token,field_name,json_key,declared_in,go_type,container,ref_struct,values,applicable,required,required_when,default,default_by,evidence,evidence_ref,deprecated,corpus_count,corpus_prod_count,harness,review,description,notes
ComputePipesConfig,*,Comment,comment,ComputePipesConfig,string,scalar,-,,,,,,,,,,,,pending,unreviewed,,
ComputePipesConfig,*,CommonRuntimeArgs,common_runtime_args,ComputePipesConfig,*ComputePipesCommonArgs,object,ComputePipesCommonArgs,,,,,,,,,,,,pending,unreviewed,,
ComputePipesConfig,*,MetricsConfig,metrics_config,ComputePipesConfig,*MetricsSpec,object,MetricsSpec,,,,,,,,,,,,pending,unreviewed,,
ComputePipesConfig,*,ClusterConfig,cluster_config,ComputePipesConfig,*ClusterSpec,object,ClusterSpec,,,,,,,,,,,,pending,unreviewed,,
ComputePipesConfig,*,OutputTables,output_tables,ComputePipesConfig,[]*TableSpec,array,TableSpec,,,,,,,,,,,,pending,unreviewed,,
ComputePipesConfig,*,OutputFiles,output_files,ComputePipesConfig,[]OutputFileSpec,array,OutputFileSpec,,,,,,,,,,,,pending,unreviewed,,
ComputePipesConfig,*,LookupTables,lookup_tables,ComputePipesConfig,[]*LookupSpec,array,LookupSpec,,,,,,,,,,,,pending,unreviewed,,
ComputePipesConfig,*,Channels,channels,ComputePipesConfig,[]ChannelSpec,array,ChannelSpec,,,,,,,,,,,,pending,unreviewed,,
ComputePipesConfig,*,PromptTemplates,prompt_templates,ComputePipesConfig,[]PromptTemplateSpec,array,PromptTemplateSpec,,,,,,,,,,,,pending,unreviewed,,
ComputePipesConfig,*,Context,context,ComputePipesConfig,[]ContextSpec,array,ContextSpec,,,,,,,,,,,,pending,unreviewed,,
ComputePipesConfig,*,SchemaProviders,schema_providers,ComputePipesConfig,[]*SchemaProviderSpec,array,SchemaProviderSpec,,,,,,,,,,,,pending,unreviewed,,
ComputePipesConfig,*,PipesConfig,pipes_config,ComputePipesConfig,[]PipeSpec,array,PipeSpec,,,,,,,,,,,,pending,unreviewed,,
ComputePipesConfig,*,ReducingPipesConfig,reducing_pipes_config,ComputePipesConfig,[][]PipeSpec,array2,PipeSpec,,,,,,,,,,,,pending,unreviewed,,
ComputePipesConfig,*,ConditionalPipesConfig,conditional_pipes_config,ComputePipesConfig,[]ConditionalPipeSpec,array,ConditionalPipeSpec,,,,,,,,,,,,pending,unreviewed,,
ComputePipesCommonArgs,*,CpipesMode,cpipes_mode,ComputePipesCommonArgs,string,scalar,-,,,,,,,,,,,,pending,unreviewed,,
ComputePipesCommonArgs,*,Client,client,ComputePipesCommonArgs,string,scalar,-,,,,,,,,,,,,pending,unreviewed,,
ComputePipesCommonArgs,*,Org,org,ComputePipesCommonArgs,string,scalar,-,,,,,,,,,,,,pending,unreviewed,,
ComputePipesCommonArgs,*,ObjectType,object_type,ComputePipesCommonArgs,string,scalar,-,,,,,,,,,,,,pending,unreviewed,,
ComputePipesCommonArgs,*,FileKey,file_key,ComputePipesCommonArgs,string,scalar,-,,,,,,,,,,,,pending,unreviewed,,
ComputePipesCommonArgs,*,SessionId,session_id,ComputePipesCommonArgs,string,scalar,-,,,,,,,,,,,,pending,unreviewed,,
ComputePipesCommonArgs,*,MainInputStepId,read_step_id,ComputePipesCommonArgs,string,scalar,-,,,,,,,,,,,,pending,unreviewed,,
ComputePipesCommonArgs,*,MergeFiles,merge_files,ComputePipesCommonArgs,bool,scalar,-,,,,,,,,,,,,pending,unreviewed,,
ComputePipesCommonArgs,*,InputSessionId,input_session_id,ComputePipesCommonArgs,string,scalar,-,,,,,,,,,,,,pending,unreviewed,,
ComputePipesCommonArgs,*,SourcePeriodKey,source_period_key,ComputePipesCommonArgs,int,scalar,-,,,,,,,,,,,,pending,unreviewed,,
ComputePipesCommonArgs,*,ProcessName,process_name,ComputePipesCommonArgs,string,scalar,-,,,,,,,,,,,,pending,unreviewed,,
ComputePipesCommonArgs,*,SourcesConfig,sources_config,ComputePipesCommonArgs,SourcesConfigSpec,object,SourcesConfigSpec,,,,,,,,,,,,pending,unreviewed,,
ComputePipesCommonArgs,*,DomainKeysSpecByClass,domain_keys_by_class,ComputePipesCommonArgs,map[string]*DomainKeysSpec,map,DomainKeysSpec,,,,,,,,,,,,pending,unreviewed,,
ComputePipesCommonArgs,*,PipelineConfigKey,pipeline_config_key,ComputePipesCommonArgs,int,scalar,-,,,,,,,,,,,,pending,unreviewed,,
ComputePipesCommonArgs,*,UserEmail,user_email,ComputePipesCommonArgs,string,scalar,-,,,,,,,,,,,,pending,unreviewed,,
MetricsSpec,*,Comment,comment,MetricsSpec,string,scalar,-,,,,,,,,,,,,pending,unreviewed,,
MetricsSpec,*,ReportInterval,report_interval_sec,MetricsSpec,int,scalar,-,,,,,,,,,,,,pending,unreviewed,,
MetricsSpec,*,RuntimeMetrics,runtime_metrics,MetricsSpec,[]Metric,array,Metric,,,,,,,,,,,,pending,unreviewed,,
Metric,*,Comment,comment,Metric,string,scalar,-,,,,,,,,,,,,pending,unreviewed,,
Metric,*,Type,type,Metric,string,scalar,-,,,,,,,,,,,,pending,unreviewed,,
Metric,*,Name,name,Metric,string,scalar,-,,,,,,,,,,,,pending,unreviewed,,
ClusterSpec,*,Comment,comment,ClusterSpec,string,scalar,-,,,,,,,,,,,,pending,unreviewed,,
ClusterSpec,*,MaxNbrPartitions,max_nbr_partitons,ClusterSpec,int,scalar,-,,,,,,,,,,,,pending,unreviewed,,
ClusterSpec,*,MultiStepShardingThresholds,multi_step_sharding_thresholds,ClusterSpec,int,scalar,-,,,,,,,,,,,,pending,unreviewed,,
ClusterSpec,*,DefaultShardSizeMb,default_shard_size_mb,ClusterSpec,float64,scalar,-,,,,,,,,,,,,pending,unreviewed,,
ClusterSpec,*,DefaultShardMaxSizeMb,default_shard_max_size_mb,ClusterSpec,float64,scalar,-,,,,,,,,,,,,pending,unreviewed,,
ClusterSpec,*,DefaultShardSizeBy,default_shard_size_by,ClusterSpec,float64,scalar,-,,,,,,,,,,,,pending,unreviewed,,
ClusterSpec,*,DefaultShardMaxSizeBy,default_shard_max_size_by,ClusterSpec,float64,scalar,-,,,,,,,,,,,,pending,unreviewed,,
ClusterSpec,*,ShardOffset,shard_offset,ClusterSpec,int,scalar,-,,,,,,,,,,,,pending,unreviewed,,
ClusterSpec,*,DefaultMaxConcurrency,default_max_concurrency,ClusterSpec,int,scalar,-,,,,,,,,,,,,pending,unreviewed,,
ClusterSpec,*,S3WorkerPoolSize,s3_worker_pool_size,ClusterSpec,int,scalar,-,,,,,,,,,,,,pending,unreviewed,,
ClusterSpec,*,ClusterShardingTiers,cluster_sharding_tiers,ClusterSpec,[]ClusterShardingSpec,array,ClusterShardingSpec,,,,,,,,,,,,pending,unreviewed,,
ClusterSpec,*,IsDebugMode,is_debug_mode,ClusterSpec,bool,scalar,-,,,,,,,,,,,,pending,unreviewed,,
ClusterSpec,*,KillSwitchMin,kill_switch_min,ClusterSpec,int,scalar,-,,,,,,,,,,,,pending,unreviewed,,
ClusterSpec,*,ShardingInfo,sharding_info,ClusterSpec,*ClusterShardingInfo,object,ClusterShardingInfo,,,,,,,,,,,,pending,unreviewed,,
ClusterShardingSpec,*,Comment,comment,ClusterShardingSpec,string,scalar,-,,,,,,,,,,,,pending,unreviewed,,
ClusterShardingSpec,*,AppliesToFormat,applies_to_format,ClusterShardingSpec,string,scalar,-,,,,,,,,,,,,pending,unreviewed,,
ClusterShardingSpec,*,WhenTotalSizeGe,when_total_size_ge_mb,ClusterShardingSpec,int,scalar,-,,,,,,,,,,,,pending,unreviewed,,
ClusterShardingSpec,*,MaxNbrPartitions,max_nbr_partitions,ClusterShardingSpec,int,scalar,-,,,,,,,,,,,,pending,unreviewed,,
ClusterShardingSpec,*,MultiStepShardingThresholds,multi_step_sharding_thresholds,ClusterShardingSpec,int,scalar,-,,,,,,,,,,,,pending,unreviewed,,
ClusterShardingSpec,*,ShardSizeMb,shard_size_mb,ClusterShardingSpec,float64,scalar,-,,,,,,,,,,,,pending,unreviewed,,
ClusterShardingSpec,*,ShardMaxSizeMb,shard_max_size_mb,ClusterShardingSpec,float64,scalar,-,,,,,,,,,,,,pending,unreviewed,,
ClusterShardingSpec,*,ShardSizeBy,shard_size_by,ClusterShardingSpec,float64,scalar,-,,,,,,,,,,,,pending,unreviewed,,
ClusterShardingSpec,*,ShardMaxSizeBy,shard_max_size_by,ClusterShardingSpec,float64,scalar,-,,,,,,,,,,,,pending,unreviewed,,
ClusterShardingSpec,*,S3WorkerPoolSize,s3_worker_pool_size,ClusterShardingSpec,int,scalar,-,,,,,,,,,,,,pending,unreviewed,,
ClusterShardingSpec,*,MaxConcurrency,max_concurrency,ClusterShardingSpec,int,scalar,-,,,,,,,,,,,,pending,unreviewed,,
ClusterShardingInfo,*,TotalFileSize,total_file_size,ClusterShardingInfo,int64,scalar,-,,,,,,,,,,,,pending,unreviewed,,
ClusterShardingInfo,*,MaxNbrPartitions,max_nbr_partitions,ClusterShardingInfo,int,scalar,-,,,,,,,,,,,,pending,unreviewed,,
ClusterShardingInfo,*,NbrPartitions,nbr_partitions,ClusterShardingInfo,int,scalar,-,,,,,,,,,,,,pending,unreviewed,,
ClusterShardingInfo,*,MultiStepSharding,multi_step_sharding,ClusterShardingInfo,int,scalar,-,,,,,,,,,,,,pending,unreviewed,,
TableSpec,*,Comment,comment,TableSpec,string,scalar,-,,,,,,,,,,,,pending,unreviewed,,
TableSpec,*,Key,key,TableSpec,string,scalar,-,,,,,,,,,,,,pending,unreviewed,,
TableSpec,*,Name,name,TableSpec,string,scalar,-,,,,,,,,,,,,pending,unreviewed,,
TableSpec,*,CheckSchemaChanged,check_schema_changed,TableSpec,bool,scalar,-,,,,,,,,,,,,pending,unreviewed,,
TableSpec,*,Columns,columns,TableSpec,[]TableColumnSpec,array,TableColumnSpec,,,,,,,,,,,,pending,unreviewed,,
TableSpec,*,ChannelSpecName,channel_spec_name,TableSpec,string,scalar,-,,,,,,,,,,,,pending,unreviewed,,
TableColumnSpec,*,Comment,comment,TableColumnSpec,string,scalar,-,,,,,,,,,,,,pending,unreviewed,,
TableColumnSpec,*,Name,name,TableColumnSpec,string,scalar,-,,,,,,,,,,,,pending,unreviewed,,
TableColumnSpec,*,RdfType,rdf_type,TableColumnSpec,string,scalar,-,,,,,,,,,,,,pending,unreviewed,,
TableColumnSpec,*,IsArray,as_array,TableColumnSpec,bool,scalar,-,,,,,,,,,,,,pending,unreviewed,,
OutputFileSpec,*,Comment,comment,OutputFileSpec,string,scalar,-,,,,,,,,,,,,pending,unreviewed,,
OutputFileSpec,*,BadRowsConfig,bad_rows_config,FileConfig,*BadRowsSpec,object,BadRowsSpec,,,,,,,,,,,,pending,unreviewed,,
OutputFileSpec,*,BlankFieldMarkers,blank_field_markers,FileConfig,*BlankFieldMarkersSpec,object,BlankFieldMarkersSpec,,,,,,,,,,,,pending,unreviewed,,
OutputFileSpec,*,Bucket,bucket,FileConfig,string,scalar,-,,,,,,,,,,,,pending,unreviewed,,
OutputFileSpec,*,Compression,compression,FileConfig,string,scalar,-,,,,,,,,,,,,pending,unreviewed,,
OutputFileSpec,*,Delimiter,delimiter,FileConfig,rune,scalar,-,,,,,,,,,,,,pending,unreviewed,,
OutputFileSpec,*,DetectCrAsEol,detect_cr_as_eol,FileConfig,bool,scalar,-,,,,,,,,,,,,pending,unreviewed,,
OutputFileSpec,*,DetectEncoding,detect_encoding,FileConfig,bool,scalar,-,,,,,,,,,,,,pending,unreviewed,,
OutputFileSpec,*,DiscardFileHeaders,discard_file_headers,FileConfig,bool,scalar,-,,,,,,,,,,,,pending,unreviewed,,
OutputFileSpec,*,DomainClass,domain_class,FileConfig,string,scalar,-,,,,,,,,,,,,pending,unreviewed,,
OutputFileSpec,*,DomainKeys,domain_keys,FileConfig,map[string]any,map,-,,,,,,,,,,,,pending,unreviewed,,
OutputFileSpec,*,DropExcedentHeaders,drop_excedent_headers,FileConfig,bool,scalar,-,,,,,,,,,,,,pending,unreviewed,,
OutputFileSpec,*,Encoding,encoding,FileConfig,string,scalar,-,,,,,,,,,,,,pending,unreviewed,,
OutputFileSpec,*,EnforceRowMaxLength,enforce_row_max_length,FileConfig,bool,scalar,-,,,,,,,,,,,,pending,unreviewed,,
OutputFileSpec,*,EnforceRowMinLength,enforce_row_min_length,FileConfig,bool,scalar,-,,,,,,,,,,,,pending,unreviewed,,
OutputFileSpec,*,EolByte,eol_byte,FileConfig,byte,scalar,-,,,,,,,,,,,,pending,unreviewed,,
OutputFileSpec,*,FailOnEmptyColumnName,fail_on_empty_column_name,FileConfig,bool,scalar,-,,,,,,,,,,,,pending,unreviewed,,
OutputFileSpec,*,FileKey,file_key,FileConfig,string,scalar,-,,,,,,,,,,,,pending,unreviewed,,
OutputFileSpec,*,LookbackPeriods,lookback_periods,FileConfig,string,scalar,-,,,,,,,,,,,,pending,unreviewed,,
OutputFileSpec,*,FileName,file_name,FileConfig,string,scalar,-,,,,,,,,,,,,pending,unreviewed,,
OutputFileSpec,*,FixedWidthColumnsCsv,fixed_width_columns_csv,FileConfig,string,scalar,-,,,,,,,,,,,,pending,unreviewed,,
OutputFileSpec,*,Format,format,FileConfig,string,scalar,-,,,,,,,,,,,,pending,unreviewed,,
OutputFileSpec,*,InputFormatDataJson,input_format_data_json,FileConfig,string,scalar,-,,,,,,,,,,,,pending,unreviewed,,
OutputFileSpec,*,IsPartFiles,is_part_files,FileConfig,bool,scalar,-,,,,,,,,,,,,pending,unreviewed,,
OutputFileSpec,*,KeyPrefix,key_prefix,FileConfig,string,scalar,-,,,,,,,,,,,,pending,unreviewed,,
OutputFileSpec,*,MainInputRowCount,main_input_row_count,FileConfig,int64,scalar,-,,,,,,,,,,,,pending,unreviewed,,
OutputFileSpec,*,MultiColumnsInput,multi_columns_input,FileConfig,bool,scalar,-,,,,,,,,,,,,pending,unreviewed,,
OutputFileSpec,*,NbrRowsInRecord,nbr_rows_in_record,FileConfig,int64,scalar,-,,,,,,,,,,,,pending,unreviewed,,
OutputFileSpec,*,NoQuotes,no_quotes,FileConfig,bool,scalar,-,,,,,,,,,,,,pending,unreviewed,,
OutputFileSpec,*,ParquetSchema,parquet_schema,FileConfig,*ParquetSchemaInfo,object,ParquetSchemaInfo,,,,,,,,,,,,pending,unreviewed,,
OutputFileSpec,*,PutHeadersOnFirstPartition,put_headers_on_first_partition,FileConfig,bool,scalar,-,,,,,,,,,,,,pending,unreviewed,,
OutputFileSpec,*,QuoteAllRecords,quote_all_records,FileConfig,bool,scalar,-,,,,,,,,,,,,pending,unreviewed,,
OutputFileSpec,*,ReadBatchSize,read_batch_size,FileConfig,int64,scalar,-,,,,,,,,,,,,pending,unreviewed,,
OutputFileSpec,*,ReadDateLayout,read_date_layout,FileConfig,string,scalar,-,,,,,,,,,,,,pending,unreviewed,,
OutputFileSpec,*,ReorderColumnsOnRead,reorder_columns_on_read,FileConfig,[]int,array,-,,,,,,,,,,,,pending,unreviewed,,
OutputFileSpec,*,TrimColumns,trim_columns,FileConfig,bool,scalar,-,,,,,,,,,,,,pending,unreviewed,,
OutputFileSpec,*,UseLazyQuotes,use_lazy_quotes,FileConfig,bool,scalar,-,,,,,,,,,,,,pending,unreviewed,,
OutputFileSpec,*,UseLazyQuotesSpecial,use_lazy_quotes_special,FileConfig,bool,scalar,-,,,,,,,,,,,,pending,unreviewed,,
OutputFileSpec,*,VariableFieldsPerRecord,variable_fields_per_record,FileConfig,bool,scalar,-,,,,,,,,,,,,pending,unreviewed,,
OutputFileSpec,*,WriteDateLayout,write_date_layout,FileConfig,string,scalar,-,,,,,,,,,,,,pending,unreviewed,,
OutputFileSpec,*,OutputEncoding,output_encoding,FileConfig,string,scalar,-,,,,,,,,,,,,pending,unreviewed,,
OutputFileSpec,*,OutputEncodingSameAsInput,output_encoding_same_as_input,FileConfig,bool,scalar,-,,,,,,,,,,,,pending,unreviewed,,
OutputFileSpec,*,Key,key,OutputFileSpec,string,scalar,-,,,,,,,,,,,,pending,unreviewed,,
OutputFileSpec,*,FileName2,name,OutputFileSpec,string,scalar,-,,,,,,,,,,,,pending,unreviewed,,
OutputFileSpec,*,FileKey2,output_location,OutputFileSpec,string,scalar,-,,,,,,,,,,,,pending,unreviewed,,
OutputFileSpec,*,SchemaProvider,schema_provider,OutputFileSpec,string,scalar,-,,,,,,,,,,,,pending,unreviewed,,
OutputFileSpec,*,UseOriginalHeaders,use_original_headers,OutputFileSpec,bool,scalar,-,,,,,,,,,,,,pending,unreviewed,,
OutputFileSpec,*,Headers,headers,OutputFileSpec,[]string,array,-,,,,,,,,,,,,pending,unreviewed,,
BadRowsSpec,*,Comment,comment,BadRowsSpec,string,scalar,-,,,,,,,,,,0,0,pending,unreviewed,,
BadRowsSpec,*,BadRowsStepId,bad_rows_step_id,BadRowsSpec,string,scalar,-,,,,,,,,,,4,4,pending,unreviewed,,
BlankFieldMarkersSpec,*,Comment,comment,BlankFieldMarkersSpec,string,scalar,-,,,,,,,,,,,,pending,unreviewed,,
BlankFieldMarkersSpec,*,CaseSensitive,case_sensitive,BlankFieldMarkersSpec,bool,scalar,-,,,,,,,,,,,,pending,unreviewed,,
BlankFieldMarkersSpec,*,Markers,markers,BlankFieldMarkersSpec,[]string,array,-,,,,,,,,,,,,pending,unreviewed,,
ParquetSchemaInfo,*,Fields,fields,ParquetSchemaInfo,[]*FieldInfo,array,FieldInfo,,,,,,,,,,,,pending,unreviewed,,
FieldInfo,*,Name,name,FieldInfo,string,scalar,-,,,,,,,,,,,,pending,unreviewed,,
FieldInfo,*,Type,type,FieldInfo,string,scalar,-,,,,,,,,,,,,pending,unreviewed,,
FieldInfo,*,Nullable,nullable,FieldInfo,bool,scalar,-,,,,,,,,,,,,pending,unreviewed,,
FieldInfo,*,DecimalPrecision,precision,FieldInfo,int32,scalar,-,,,,,,,,,,,,pending,unreviewed,,
FieldInfo,*,DecimalScale,scale,FieldInfo,int32,scalar,-,,,,,,,,,,,,pending,unreviewed,,
LookupSpec,sql_lookup,Comment,comment,LookupSpec,string,scalar,-,,,,,,,,,,,,pending,unreviewed,,
LookupSpec,sql_lookup,Key,key,LookupSpec,string,scalar,-,,,,,,,,,,,,pending,unreviewed,,
LookupSpec,sql_lookup,Type,type,LookupSpec,string,scalar,-,,,,,,,,,,,,pending,unreviewed,,
LookupSpec,sql_lookup,Query,query,LookupSpec,string,scalar,-,,,,,,,,,,,,pending,unreviewed,,
LookupSpec,sql_lookup,CsvSource,csv_source,LookupSpec,*CsvSourceSpec,object,CsvSourceSpec,,,,,,,,,,,,pending,unreviewed,,
LookupSpec,sql_lookup,Columns,columns,LookupSpec,[]TableColumnSpec,array,TableColumnSpec,,,,,,,,,,,,pending,unreviewed,,
LookupSpec,sql_lookup,LookupKey,lookup_key,LookupSpec,[]string,array,-,,,,,,,,,,,,pending,unreviewed,,
LookupSpec,sql_lookup,LookupValues,lookup_values,LookupSpec,[]string,array,-,,,,,,,,,,,,pending,unreviewed,,
LookupSpec,s3_csv_lookup,Comment,comment,LookupSpec,string,scalar,-,,,,,,,,,,,,pending,unreviewed,,
LookupSpec,s3_csv_lookup,Key,key,LookupSpec,string,scalar,-,,,,,,,,,,,,pending,unreviewed,,
LookupSpec,s3_csv_lookup,Type,type,LookupSpec,string,scalar,-,,,,,,,,,,,,pending,unreviewed,,
LookupSpec,s3_csv_lookup,Query,query,LookupSpec,string,scalar,-,,,,,,,,,,,,pending,unreviewed,,
LookupSpec,s3_csv_lookup,CsvSource,csv_source,LookupSpec,*CsvSourceSpec,object,CsvSourceSpec,,,,,,,,,,,,pending,unreviewed,,
LookupSpec,s3_csv_lookup,Columns,columns,LookupSpec,[]TableColumnSpec,array,TableColumnSpec,,,,,,,,,,,,pending,unreviewed,,
LookupSpec,s3_csv_lookup,LookupKey,lookup_key,LookupSpec,[]string,array,-,,,,,,,,,,,,pending,unreviewed,,
LookupSpec,s3_csv_lookup,LookupValues,lookup_values,LookupSpec,[]string,array,-,,,,,,,,,,,,pending,unreviewed,,
CsvSourceSpec,cpipes,Comment,comment,CsvSourceSpec,string,scalar,-,,,,,,,,,,0,0,pending,unreviewed,,
CsvSourceSpec,cpipes,Type,type,CsvSourceSpec,string,scalar,-,,,,,,,,,,1,1,pending,unreviewed,,
CsvSourceSpec,cpipes,Format,format,CsvSourceSpec,string,scalar,-,,,,,,,,,,1,1,pending,unreviewed,,
CsvSourceSpec,cpipes,Compression,compression,CsvSourceSpec,string,scalar,-,,,,,,,,,,1,1,pending,unreviewed,,
CsvSourceSpec,cpipes,Delimiter,delimiter,CsvSourceSpec,rune,scalar,-,,,,,,,,,,0,0,pending,unreviewed,,
CsvSourceSpec,cpipes,CsvSourceFileKey,csv_source_file_key,CsvSourceSpec,string,scalar,-,,,,,,,,,,0,0,pending,unreviewed,,
CsvSourceSpec,cpipes,ProcessName,process_name,CsvSourceSpec,string,scalar,-,,,,,,,,,,1,1,pending,unreviewed,,
CsvSourceSpec,cpipes,ReadStepId,read_step_id,CsvSourceSpec,string,scalar,-,,,,,,,,,,1,1,pending,unreviewed,,
CsvSourceSpec,cpipes,JetsPartitionLabel,jets_partition,CsvSourceSpec,string,scalar,-,,,,,,,,,,1,1,pending,unreviewed,,
CsvSourceSpec,cpipes,SessionId,session_id,CsvSourceSpec,string,scalar,-,,,,,,,,,,1,1,pending,unreviewed,,
CsvSourceSpec,cpipes,ClassName,class_name,CsvSourceSpec,string,scalar,-,,,,,,,,,,1,1,pending,unreviewed,,
CsvSourceSpec,cpipes,MakeEmptyWhenNoFile,make_empty_source_when_no_files_found,CsvSourceSpec,bool,scalar,-,,,,,,,,,,0,0,pending,unreviewed,,
CsvSourceSpec,csv_file,Comment,comment,CsvSourceSpec,string,scalar,-,,,,,,,,,,,,pending,unreviewed,,
CsvSourceSpec,csv_file,Type,type,CsvSourceSpec,string,scalar,-,,,,,,,,,,,,pending,unreviewed,,
CsvSourceSpec,csv_file,Format,format,CsvSourceSpec,string,scalar,-,,,,,,,,,,,,pending,unreviewed,,
CsvSourceSpec,csv_file,Compression,compression,CsvSourceSpec,string,scalar,-,,,,,,,,,,,,pending,unreviewed,,
CsvSourceSpec,csv_file,Delimiter,delimiter,CsvSourceSpec,rune,scalar,-,,,,,,,,,,,,pending,unreviewed,,
CsvSourceSpec,csv_file,CsvSourceFileKey,csv_source_file_key,CsvSourceSpec,string,scalar,-,,,,,,,,,,,,pending,unreviewed,,
CsvSourceSpec,csv_file,ProcessName,process_name,CsvSourceSpec,string,scalar,-,,,,,,,,,,,,pending,unreviewed,,
CsvSourceSpec,csv_file,ReadStepId,read_step_id,CsvSourceSpec,string,scalar,-,,,,,,,,,,,,pending,unreviewed,,
CsvSourceSpec,csv_file,JetsPartitionLabel,jets_partition,CsvSourceSpec,string,scalar,-,,,,,,,,,,,,pending,unreviewed,,
CsvSourceSpec,csv_file,SessionId,session_id,CsvSourceSpec,string,scalar,-,,,,,,,,,,,,pending,unreviewed,,
CsvSourceSpec,csv_file,ClassName,class_name,CsvSourceSpec,string,scalar,-,,,,,,,,,,,,pending,unreviewed,,
CsvSourceSpec,csv_file,MakeEmptyWhenNoFile,make_empty_source_when_no_files_found,CsvSourceSpec,bool,scalar,-,,,,,,,,,,,,pending,unreviewed,,
ChannelSpec,*,Comment,comment,ChannelSpec,string,scalar,-,,,,,,,,,,,,pending,unreviewed,,
ChannelSpec,*,Name,name,ChannelSpec,string,scalar,-,,,,,,,,,,,,pending,unreviewed,,
ChannelSpec,*,Columns,columns,ChannelSpec,[]string,array,-,,,,,,,,,,,,pending,unreviewed,,
ChannelSpec,*,ClassName,class_name,ChannelSpec,string,scalar,-,,,,,,,,,,,,pending,unreviewed,,
ChannelSpec,*,DirectPropertiesOnly,direct_properties_only,ChannelSpec,bool,scalar,-,,,,,,,,,,,,pending,unreviewed,,
ChannelSpec,*,HasDynamicColumns,has_dynamic_columns,ChannelSpec,bool,scalar,-,,,,,,,,,,,,pending,unreviewed,,
ChannelSpec,*,SameColumnsAsInput,same_columns_as_input,ChannelSpec,bool,scalar,-,,,,,,,,,,,,pending,unreviewed,,
ChannelSpec,*,DomainKeys,domain_keys,ChannelSpec,map[string]any,map,-,,,,,,,,,,,,pending,unreviewed,,
ChannelSpec,*,DomainKeysInfo,domain_keys_spec,ChannelSpec,*DomainKeysSpec,object,DomainKeysSpec,,,,,,,,,,,,pending,unreviewed,,
ChannelSpec,*,ColumnEncodings,column_encodings,ChannelSpec,[]*ColumnEncodingSpec,array,ColumnEncodingSpec,,,,,,,,,,,,pending,unreviewed,,
ColumnEncodingSpec,*,Comment,comment,ColumnEncodingSpec,string,scalar,-,,,,,,,,,,,,pending,unreviewed,,
ColumnEncodingSpec,*,Column,column,ColumnEncodingSpec,string,scalar,-,,,,,,,,,,,,pending,unreviewed,,
ColumnEncodingSpec,*,EntityEncoding,entity_encoding,ColumnEncodingSpec,string,scalar,-,,,,,,,,,,,,pending,unreviewed,,
ColumnEncodingSpec,*,RemoveModelPrefixes,remove_model_prefixes,ColumnEncodingSpec,bool,scalar,-,,,,,,,,,,,,pending,unreviewed,,
ColumnEncodingSpec,*,ExcludeProperties,exclude_properties,ColumnEncodingSpec,[]string,array,-,,,,,,,,,,,,pending,unreviewed,,
PromptTemplateSpec,*,Comment,comment,PromptTemplateSpec,string,scalar,-,,,,,,,,,,,,pending,unreviewed,,
PromptTemplateSpec,*,Key,key,PromptTemplateSpec,string,scalar,-,,,,,,,,,,,,pending,unreviewed,,
PromptTemplateSpec,*,Template,template,PromptTemplateSpec,string,scalar,-,,,,,,,,,,,,pending,unreviewed,,
PromptTemplateSpec,*,SystemPrompt,system_prompt,PromptTemplateSpec,string,scalar,-,,,,,,,,,,,,pending,unreviewed,,
PromptTemplateSpec,*,ResponseFormat,response_format,PromptTemplateSpec,json.RawMessage,raw_json,-,,,,,,,,,,,,pending,unreviewed,,
ContextSpec,file_key_component,Comment,comment,ContextSpec,string,scalar,-,,,,,,,,,,,,pending,unreviewed,,
ContextSpec,file_key_component,Type,type,ContextSpec,string,scalar,-,,,,,,,,,,,,pending,unreviewed,,
ContextSpec,file_key_component,Key,key,ContextSpec,string,scalar,-,,,,,,,,,,,,pending,unreviewed,,
ContextSpec,file_key_component,Expr,expr,ContextSpec,string,scalar,-,,,,,,,,,,,,pending,unreviewed,,
ContextSpec,partfile_key_component,Comment,comment,ContextSpec,string,scalar,-,,,,,,,,,,,,pending,unreviewed,,
ContextSpec,partfile_key_component,Type,type,ContextSpec,string,scalar,-,,,,,,,,,,,,pending,unreviewed,,
ContextSpec,partfile_key_component,Key,key,ContextSpec,string,scalar,-,,,,,,,,,,,,pending,unreviewed,,
ContextSpec,partfile_key_component,Expr,expr,ContextSpec,string,scalar,-,,,,,,,,,,,,pending,unreviewed,,
ContextSpec,value,Comment,comment,ContextSpec,string,scalar,-,,,,,,,,,,,,pending,unreviewed,,
ContextSpec,value,Type,type,ContextSpec,string,scalar,-,,,,,,,,,,,,pending,unreviewed,,
ContextSpec,value,Key,key,ContextSpec,string,scalar,-,,,,,,,,,,,,pending,unreviewed,,
ContextSpec,value,Expr,expr,ContextSpec,string,scalar,-,,,,,,,,,,,,pending,unreviewed,,
SchemaProviderSpec,default,Comment,comment,SchemaProviderSpec,string,scalar,-,,,,,,,,,,,,pending,unreviewed,,
SchemaProviderSpec,default,BadRowsConfig,bad_rows_config,FileConfig,*BadRowsSpec,object,BadRowsSpec,,,,,,,,,,,,pending,unreviewed,,
SchemaProviderSpec,default,BlankFieldMarkers,blank_field_markers,FileConfig,*BlankFieldMarkersSpec,object,BlankFieldMarkersSpec,,,,,,,,,,,,pending,unreviewed,,
SchemaProviderSpec,default,Bucket,bucket,FileConfig,string,scalar,-,,,,,,,,,,,,pending,unreviewed,,
SchemaProviderSpec,default,Compression,compression,FileConfig,string,scalar,-,,,,,,,,,,,,pending,unreviewed,,
SchemaProviderSpec,default,Delimiter,delimiter,FileConfig,rune,scalar,-,,,,,,,,,,,,pending,unreviewed,,
SchemaProviderSpec,default,DetectCrAsEol,detect_cr_as_eol,FileConfig,bool,scalar,-,,,,,,,,,,,,pending,unreviewed,,
SchemaProviderSpec,default,DetectEncoding,detect_encoding,FileConfig,bool,scalar,-,,,,,,,,,,,,pending,unreviewed,,
SchemaProviderSpec,default,DiscardFileHeaders,discard_file_headers,FileConfig,bool,scalar,-,,,,,,,,,,,,pending,unreviewed,,
SchemaProviderSpec,default,DomainClass,domain_class,FileConfig,string,scalar,-,,,,,,,,,,,,pending,unreviewed,,
SchemaProviderSpec,default,DomainKeys,domain_keys,FileConfig,map[string]any,map,-,,,,,,,,,,,,pending,unreviewed,,
SchemaProviderSpec,default,DropExcedentHeaders,drop_excedent_headers,FileConfig,bool,scalar,-,,,,,,,,,,,,pending,unreviewed,,
SchemaProviderSpec,default,Encoding,encoding,FileConfig,string,scalar,-,,,,,,,,,,,,pending,unreviewed,,
SchemaProviderSpec,default,EnforceRowMaxLength,enforce_row_max_length,FileConfig,bool,scalar,-,,,,,,,,,,,,pending,unreviewed,,
SchemaProviderSpec,default,EnforceRowMinLength,enforce_row_min_length,FileConfig,bool,scalar,-,,,,,,,,,,,,pending,unreviewed,,
SchemaProviderSpec,default,EolByte,eol_byte,FileConfig,byte,scalar,-,,,,,,,,,,,,pending,unreviewed,,
SchemaProviderSpec,default,FailOnEmptyColumnName,fail_on_empty_column_name,FileConfig,bool,scalar,-,,,,,,,,,,,,pending,unreviewed,,
SchemaProviderSpec,default,FileKey,file_key,FileConfig,string,scalar,-,,,,,,,,,,,,pending,unreviewed,,
SchemaProviderSpec,default,LookbackPeriods,lookback_periods,FileConfig,string,scalar,-,,,,,,,,,,,,pending,unreviewed,,
SchemaProviderSpec,default,FileName,file_name,FileConfig,string,scalar,-,,,,,,,,,,,,pending,unreviewed,,
SchemaProviderSpec,default,FixedWidthColumnsCsv,fixed_width_columns_csv,FileConfig,string,scalar,-,,,,,,,,,,,,pending,unreviewed,,
SchemaProviderSpec,default,Format,format,FileConfig,string,scalar,-,,,,,,,,,,,,pending,unreviewed,,
SchemaProviderSpec,default,InputFormatDataJson,input_format_data_json,FileConfig,string,scalar,-,,,,,,,,,,,,pending,unreviewed,,
SchemaProviderSpec,default,IsPartFiles,is_part_files,FileConfig,bool,scalar,-,,,,,,,,,,,,pending,unreviewed,,
SchemaProviderSpec,default,KeyPrefix,key_prefix,FileConfig,string,scalar,-,,,,,,,,,,,,pending,unreviewed,,
SchemaProviderSpec,default,MainInputRowCount,main_input_row_count,FileConfig,int64,scalar,-,,,,,,,,,,,,pending,unreviewed,,
SchemaProviderSpec,default,MultiColumnsInput,multi_columns_input,FileConfig,bool,scalar,-,,,,,,,,,,,,pending,unreviewed,,
SchemaProviderSpec,default,NbrRowsInRecord,nbr_rows_in_record,FileConfig,int64,scalar,-,,,,,,,,,,,,pending,unreviewed,,
SchemaProviderSpec,default,NoQuotes,no_quotes,FileConfig,bool,scalar,-,,,,,,,,,,,,pending,unreviewed,,
SchemaProviderSpec,default,ParquetSchema,parquet_schema,FileConfig,*ParquetSchemaInfo,object,ParquetSchemaInfo,,,,,,,,,,,,pending,unreviewed,,
SchemaProviderSpec,default,PutHeadersOnFirstPartition,put_headers_on_first_partition,FileConfig,bool,scalar,-,,,,,,,,,,,,pending,unreviewed,,
SchemaProviderSpec,default,QuoteAllRecords,quote_all_records,FileConfig,bool,scalar,-,,,,,,,,,,,,pending,unreviewed,,
SchemaProviderSpec,default,ReadBatchSize,read_batch_size,FileConfig,int64,scalar,-,,,,,,,,,,,,pending,unreviewed,,
SchemaProviderSpec,default,ReadDateLayout,read_date_layout,FileConfig,string,scalar,-,,,,,,,,,,,,pending,unreviewed,,
SchemaProviderSpec,default,ReorderColumnsOnRead,reorder_columns_on_read,FileConfig,[]int,array,-,,,,,,,,,,,,pending,unreviewed,,
SchemaProviderSpec,default,TrimColumns,trim_columns,FileConfig,bool,scalar,-,,,,,,,,,,,,pending,unreviewed,,
SchemaProviderSpec,default,UseLazyQuotes,use_lazy_quotes,FileConfig,bool,scalar,-,,,,,,,,,,,,pending,unreviewed,,
SchemaProviderSpec,default,UseLazyQuotesSpecial,use_lazy_quotes_special,FileConfig,bool,scalar,-,,,,,,,,,,,,pending,unreviewed,,
SchemaProviderSpec,default,VariableFieldsPerRecord,variable_fields_per_record,FileConfig,bool,scalar,-,,,,,,,,,,,,pending,unreviewed,,
SchemaProviderSpec,default,WriteDateLayout,write_date_layout,FileConfig,string,scalar,-,,,,,,,,,,,,pending,unreviewed,,
SchemaProviderSpec,default,OutputEncoding,output_encoding,FileConfig,string,scalar,-,,,,,,,,,,,,pending,unreviewed,,
SchemaProviderSpec,default,OutputEncodingSameAsInput,output_encoding_same_as_input,FileConfig,bool,scalar,-,,,,,,,,,,,,pending,unreviewed,,
SchemaProviderSpec,default,Key,key,SchemaProviderSpec,string,scalar,-,,,,,,,,,,,,pending,unreviewed,,
SchemaProviderSpec,default,Type,type,SchemaProviderSpec,string,scalar,-,,,,,,,,,,,,pending,unreviewed,,
SchemaProviderSpec,default,FileSize,file_size,SchemaProviderSpec,int64,scalar,-,,,,,,,,,,,,pending,unreviewed,,
SchemaProviderSpec,default,KmsKey,kms_key_arn,SchemaProviderSpec,string,scalar,-,,,,,,,,,,,,pending,unreviewed,,
SchemaProviderSpec,default,Client,client,SchemaProviderSpec,string,scalar,-,,,,,,,,,,,,pending,unreviewed,,
SchemaProviderSpec,default,Vendor,vendor,SchemaProviderSpec,string,scalar,-,,,,,,,,,,,,pending,unreviewed,,
SchemaProviderSpec,default,ObjectType,object_type,SchemaProviderSpec,string,scalar,-,,,,,,,,,,,,pending,unreviewed,,
SchemaProviderSpec,default,RequestID,request_id,SchemaProviderSpec,string,scalar,-,,,,,,,,,,,,pending,unreviewed,,
SchemaProviderSpec,default,UseOriginSourceConfig,use_origin_source_config,SchemaProviderSpec,bool,scalar,-,,,,,,,,,,,,pending,unreviewed,,
SchemaProviderSpec,default,FileDate,file_date,SchemaProviderSpec,string,scalar,-,,,,,,,,,,,,pending,unreviewed,,
SchemaProviderSpec,default,SourceType,source_type,SchemaProviderSpec,string,scalar,-,,,,,,,,,,,,pending,unreviewed,,
SchemaProviderSpec,default,SchemaName,schema_name,SchemaProviderSpec,string,scalar,-,,,,,,,,,,,,pending,unreviewed,,
SchemaProviderSpec,default,Columns,columns,SchemaProviderSpec,[]SchemaColumnSpec,array,SchemaColumnSpec,,,,,,,,,,,,pending,unreviewed,,
SchemaProviderSpec,default,Headers,headers,SchemaProviderSpec,[]string,array,-,,,,,,,,,,,,pending,unreviewed,,
SchemaProviderSpec,default,CapDobYears,cap_dob_years,SchemaProviderSpec,int,scalar,-,,,,,,,,,,,,pending,unreviewed,,
SchemaProviderSpec,default,SetDobToJan1,set_dob_to_jan1,SchemaProviderSpec,bool,scalar,-,,,,,,,,,,,,pending,unreviewed,,
SchemaProviderSpec,default,SetDodToJan1,set_dod_to_jan1,SchemaProviderSpec,bool,scalar,-,,,,,,,,,,,,pending,unreviewed,,
SchemaProviderSpec,default,SetAllDatesToJan1,set_all_dates_to_jan1,SchemaProviderSpec,bool,scalar,-,,,,,,,,,,,,pending,unreviewed,,
SchemaProviderSpec,default,Env,env,SchemaProviderSpec,map[string]any,map,-,,,,,,,,,,,,pending,unreviewed,,
SchemaProviderSpec,default,ReportCmds,report_cmds,SchemaProviderSpec,[]ReportCmdSpec,array,ReportCmdSpec,,,,,,,,,,,,pending,unreviewed,,
SchemaProviderSpec,default,NotificationTemplatesOverrides,notification_templates_overrides,SchemaProviderSpec,map[string]string,map,-,,,,,,,,,,,,pending,unreviewed,,
SchemaProviderSpec,default,NotificationRoutingOverridesJson,notification_routing_overrides_json,SchemaProviderSpec,string,scalar,-,,,,,,,,,,,,pending,unreviewed,,
SchemaProviderSpec,default,NotifyApiGatewayOverride,notify_api_gateway_override,SchemaProviderSpec,string,scalar,-,,,,,,,,,,,,pending,unreviewed,,
SchemaProviderSpec,default,CoordinatedPipesMap,coordinated_pipes_map,SchemaProviderSpec,[]*SchemaProviderSpec,array,SchemaProviderSpec,,,,,,,,,,,,pending,unreviewed,,
SchemaProviderSpec,default,PostMapEvent,post_map_event,SchemaProviderSpec,*SchemaProviderSpec,object,SchemaProviderSpec,,,,,,,,,,,,pending,unreviewed,,
SchemaProviderSpec,pipeline_coordinator_map,Comment,comment,SchemaProviderSpec,string,scalar,-,,,,,,,,,,,,pending,unreviewed,,
SchemaProviderSpec,pipeline_coordinator_map,BadRowsConfig,bad_rows_config,FileConfig,*BadRowsSpec,object,BadRowsSpec,,,,,,,,,,,,pending,unreviewed,,
SchemaProviderSpec,pipeline_coordinator_map,BlankFieldMarkers,blank_field_markers,FileConfig,*BlankFieldMarkersSpec,object,BlankFieldMarkersSpec,,,,,,,,,,,,pending,unreviewed,,
SchemaProviderSpec,pipeline_coordinator_map,Bucket,bucket,FileConfig,string,scalar,-,,,,,,,,,,,,pending,unreviewed,,
SchemaProviderSpec,pipeline_coordinator_map,Compression,compression,FileConfig,string,scalar,-,,,,,,,,,,,,pending,unreviewed,,
SchemaProviderSpec,pipeline_coordinator_map,Delimiter,delimiter,FileConfig,rune,scalar,-,,,,,,,,,,,,pending,unreviewed,,
SchemaProviderSpec,pipeline_coordinator_map,DetectCrAsEol,detect_cr_as_eol,FileConfig,bool,scalar,-,,,,,,,,,,,,pending,unreviewed,,
SchemaProviderSpec,pipeline_coordinator_map,DetectEncoding,detect_encoding,FileConfig,bool,scalar,-,,,,,,,,,,,,pending,unreviewed,,
SchemaProviderSpec,pipeline_coordinator_map,DiscardFileHeaders,discard_file_headers,FileConfig,bool,scalar,-,,,,,,,,,,,,pending,unreviewed,,
SchemaProviderSpec,pipeline_coordinator_map,DomainClass,domain_class,FileConfig,string,scalar,-,,,,,,,,,,,,pending,unreviewed,,
SchemaProviderSpec,pipeline_coordinator_map,DomainKeys,domain_keys,FileConfig,map[string]any,map,-,,,,,,,,,,,,pending,unreviewed,,
SchemaProviderSpec,pipeline_coordinator_map,DropExcedentHeaders,drop_excedent_headers,FileConfig,bool,scalar,-,,,,,,,,,,,,pending,unreviewed,,
SchemaProviderSpec,pipeline_coordinator_map,Encoding,encoding,FileConfig,string,scalar,-,,,,,,,,,,,,pending,unreviewed,,
SchemaProviderSpec,pipeline_coordinator_map,EnforceRowMaxLength,enforce_row_max_length,FileConfig,bool,scalar,-,,,,,,,,,,,,pending,unreviewed,,
SchemaProviderSpec,pipeline_coordinator_map,EnforceRowMinLength,enforce_row_min_length,FileConfig,bool,scalar,-,,,,,,,,,,,,pending,unreviewed,,
SchemaProviderSpec,pipeline_coordinator_map,EolByte,eol_byte,FileConfig,byte,scalar,-,,,,,,,,,,,,pending,unreviewed,,
SchemaProviderSpec,pipeline_coordinator_map,FailOnEmptyColumnName,fail_on_empty_column_name,FileConfig,bool,scalar,-,,,,,,,,,,,,pending,unreviewed,,
SchemaProviderSpec,pipeline_coordinator_map,FileKey,file_key,FileConfig,string,scalar,-,,,,,,,,,,,,pending,unreviewed,,
SchemaProviderSpec,pipeline_coordinator_map,LookbackPeriods,lookback_periods,FileConfig,string,scalar,-,,,,,,,,,,,,pending,unreviewed,,
SchemaProviderSpec,pipeline_coordinator_map,FileName,file_name,FileConfig,string,scalar,-,,,,,,,,,,,,pending,unreviewed,,
SchemaProviderSpec,pipeline_coordinator_map,FixedWidthColumnsCsv,fixed_width_columns_csv,FileConfig,string,scalar,-,,,,,,,,,,,,pending,unreviewed,,
SchemaProviderSpec,pipeline_coordinator_map,Format,format,FileConfig,string,scalar,-,,,,,,,,,,,,pending,unreviewed,,
SchemaProviderSpec,pipeline_coordinator_map,InputFormatDataJson,input_format_data_json,FileConfig,string,scalar,-,,,,,,,,,,,,pending,unreviewed,,
SchemaProviderSpec,pipeline_coordinator_map,IsPartFiles,is_part_files,FileConfig,bool,scalar,-,,,,,,,,,,,,pending,unreviewed,,
SchemaProviderSpec,pipeline_coordinator_map,KeyPrefix,key_prefix,FileConfig,string,scalar,-,,,,,,,,,,,,pending,unreviewed,,
SchemaProviderSpec,pipeline_coordinator_map,MainInputRowCount,main_input_row_count,FileConfig,int64,scalar,-,,,,,,,,,,,,pending,unreviewed,,
SchemaProviderSpec,pipeline_coordinator_map,MultiColumnsInput,multi_columns_input,FileConfig,bool,scalar,-,,,,,,,,,,,,pending,unreviewed,,
SchemaProviderSpec,pipeline_coordinator_map,NbrRowsInRecord,nbr_rows_in_record,FileConfig,int64,scalar,-,,,,,,,,,,,,pending,unreviewed,,
SchemaProviderSpec,pipeline_coordinator_map,NoQuotes,no_quotes,FileConfig,bool,scalar,-,,,,,,,,,,,,pending,unreviewed,,
SchemaProviderSpec,pipeline_coordinator_map,ParquetSchema,parquet_schema,FileConfig,*ParquetSchemaInfo,object,ParquetSchemaInfo,,,,,,,,,,,,pending,unreviewed,,
SchemaProviderSpec,pipeline_coordinator_map,PutHeadersOnFirstPartition,put_headers_on_first_partition,FileConfig,bool,scalar,-,,,,,,,,,,,,pending,unreviewed,,
SchemaProviderSpec,pipeline_coordinator_map,QuoteAllRecords,quote_all_records,FileConfig,bool,scalar,-,,,,,,,,,,,,pending,unreviewed,,
SchemaProviderSpec,pipeline_coordinator_map,ReadBatchSize,read_batch_size,FileConfig,int64,scalar,-,,,,,,,,,,,,pending,unreviewed,,
SchemaProviderSpec,pipeline_coordinator_map,ReadDateLayout,read_date_layout,FileConfig,string,scalar,-,,,,,,,,,,,,pending,unreviewed,,
SchemaProviderSpec,pipeline_coordinator_map,ReorderColumnsOnRead,reorder_columns_on_read,FileConfig,[]int,array,-,,,,,,,,,,,,pending,unreviewed,,
SchemaProviderSpec,pipeline_coordinator_map,TrimColumns,trim_columns,FileConfig,bool,scalar,-,,,,,,,,,,,,pending,unreviewed,,
SchemaProviderSpec,pipeline_coordinator_map,UseLazyQuotes,use_lazy_quotes,FileConfig,bool,scalar,-,,,,,,,,,,,,pending,unreviewed,,
SchemaProviderSpec,pipeline_coordinator_map,UseLazyQuotesSpecial,use_lazy_quotes_special,FileConfig,bool,scalar,-,,,,,,,,,,,,pending,unreviewed,,
SchemaProviderSpec,pipeline_coordinator_map,VariableFieldsPerRecord,variable_fields_per_record,FileConfig,bool,scalar,-,,,,,,,,,,,,pending,unreviewed,,
SchemaProviderSpec,pipeline_coordinator_map,WriteDateLayout,write_date_layout,FileConfig,string,scalar,-,,,,,,,,,,,,pending,unreviewed,,
SchemaProviderSpec,pipeline_coordinator_map,OutputEncoding,output_encoding,FileConfig,string,scalar,-,,,,,,,,,,,,pending,unreviewed,,
SchemaProviderSpec,pipeline_coordinator_map,OutputEncodingSameAsInput,output_encoding_same_as_input,FileConfig,bool,scalar,-,,,,,,,,,,,,pending,unreviewed,,
SchemaProviderSpec,pipeline_coordinator_map,Key,key,SchemaProviderSpec,string,scalar,-,,,,,,,,,,,,pending,unreviewed,,
SchemaProviderSpec,pipeline_coordinator_map,Type,type,SchemaProviderSpec,string,scalar,-,,,,,,,,,,,,pending,unreviewed,,
SchemaProviderSpec,pipeline_coordinator_map,FileSize,file_size,SchemaProviderSpec,int64,scalar,-,,,,,,,,,,,,pending,unreviewed,,
SchemaProviderSpec,pipeline_coordinator_map,KmsKey,kms_key_arn,SchemaProviderSpec,string,scalar,-,,,,,,,,,,,,pending,unreviewed,,
SchemaProviderSpec,pipeline_coordinator_map,Client,client,SchemaProviderSpec,string,scalar,-,,,,,,,,,,,,pending,unreviewed,,
SchemaProviderSpec,pipeline_coordinator_map,Vendor,vendor,SchemaProviderSpec,string,scalar,-,,,,,,,,,,,,pending,unreviewed,,
SchemaProviderSpec,pipeline_coordinator_map,ObjectType,object_type,SchemaProviderSpec,string,scalar,-,,,,,,,,,,,,pending,unreviewed,,
SchemaProviderSpec,pipeline_coordinator_map,RequestID,request_id,SchemaProviderSpec,string,scalar,-,,,,,,,,,,,,pending,unreviewed,,
SchemaProviderSpec,pipeline_coordinator_map,UseOriginSourceConfig,use_origin_source_config,SchemaProviderSpec,bool,scalar,-,,,,,,,,,,,,pending,unreviewed,,
SchemaProviderSpec,pipeline_coordinator_map,FileDate,file_date,SchemaProviderSpec,string,scalar,-,,,,,,,,,,,,pending,unreviewed,,
SchemaProviderSpec,pipeline_coordinator_map,SourceType,source_type,SchemaProviderSpec,string,scalar,-,,,,,,,,,,,,pending,unreviewed,,
SchemaProviderSpec,pipeline_coordinator_map,SchemaName,schema_name,SchemaProviderSpec,string,scalar,-,,,,,,,,,,,,pending,unreviewed,,
SchemaProviderSpec,pipeline_coordinator_map,Columns,columns,SchemaProviderSpec,[]SchemaColumnSpec,array,SchemaColumnSpec,,,,,,,,,,,,pending,unreviewed,,
SchemaProviderSpec,pipeline_coordinator_map,Headers,headers,SchemaProviderSpec,[]string,array,-,,,,,,,,,,,,pending,unreviewed,,
SchemaProviderSpec,pipeline_coordinator_map,CapDobYears,cap_dob_years,SchemaProviderSpec,int,scalar,-,,,,,,,,,,,,pending,unreviewed,,
SchemaProviderSpec,pipeline_coordinator_map,SetDobToJan1,set_dob_to_jan1,SchemaProviderSpec,bool,scalar,-,,,,,,,,,,,,pending,unreviewed,,
SchemaProviderSpec,pipeline_coordinator_map,SetDodToJan1,set_dod_to_jan1,SchemaProviderSpec,bool,scalar,-,,,,,,,,,,,,pending,unreviewed,,
SchemaProviderSpec,pipeline_coordinator_map,SetAllDatesToJan1,set_all_dates_to_jan1,SchemaProviderSpec,bool,scalar,-,,,,,,,,,,,,pending,unreviewed,,
SchemaProviderSpec,pipeline_coordinator_map,Env,env,SchemaProviderSpec,map[string]any,map,-,,,,,,,,,,,,pending,unreviewed,,
SchemaProviderSpec,pipeline_coordinator_map,ReportCmds,report_cmds,SchemaProviderSpec,[]ReportCmdSpec,array,ReportCmdSpec,,,,,,,,,,,,pending,unreviewed,,
SchemaProviderSpec,pipeline_coordinator_map,NotificationTemplatesOverrides,notification_templates_overrides,SchemaProviderSpec,map[string]string,map,-,,,,,,,,,,,,pending,unreviewed,,
SchemaProviderSpec,pipeline_coordinator_map,NotificationRoutingOverridesJson,notification_routing_overrides_json,SchemaProviderSpec,string,scalar,-,,,,,,,,,,,,pending,unreviewed,,
SchemaProviderSpec,pipeline_coordinator_map,NotifyApiGatewayOverride,notify_api_gateway_override,SchemaProviderSpec,string,scalar,-,,,,,,,,,,,,pending,unreviewed,,
SchemaProviderSpec,pipeline_coordinator_map,CoordinatedPipesMap,coordinated_pipes_map,SchemaProviderSpec,[]*SchemaProviderSpec,array,SchemaProviderSpec,,,,,,,,,,,,pending,unreviewed,,
SchemaProviderSpec,pipeline_coordinator_map,PostMapEvent,post_map_event,SchemaProviderSpec,*SchemaProviderSpec,object,SchemaProviderSpec,,,,,,,,,,,,pending,unreviewed,,
ConditionalPipeSpec,*,Comment,comment,ConditionalPipeSpec,string,scalar,-,,,,,,,,,,,,pending,unreviewed,,
ConditionalPipeSpec,*,StepName,step_name,ConditionalPipeSpec,string,scalar,-,,,,,,,,,,,,pending,unreviewed,,
ConditionalPipeSpec,*,UseEcsTasks,use_ecs_tasks,ConditionalPipeSpec,bool,scalar,-,,,,,,,,,,,,pending,unreviewed,,
ConditionalPipeSpec,*,UseEcsTasksWhen,use_ecs_tasks_when,ConditionalPipeSpec,*ExpressionNode,object,ExpressionNode,,,,,,,,,,,,pending,unreviewed,,
ConditionalPipeSpec,*,PipesConfig,pipes_config,ConditionalPipeSpec,[]PipeSpec,array,PipeSpec,,,,,,,,,,,,pending,unreviewed,,
ConditionalPipeSpec,*,When,when,ConditionalPipeSpec,*ExpressionNode,object,ExpressionNode,,,,,,,,,,,,pending,unreviewed,,
ConditionalPipeSpec,*,AddlEnv,addl_env,ConditionalPipeSpec,[]ConditionalEnvVariable,array,ConditionalEnvVariable,,,,,,,,,,,,pending,unreviewed,,
ExpressionNode,~unary,Comment,comment,ExpressionNode,string,scalar,-,,,,,,,,,,0,0,pending,unreviewed,,
ExpressionNode,~unary,Name,name,ExpressionNode,string,scalar,-,,,,,,,,,,0,0,pending,unreviewed,,
ExpressionNode,~unary,Type,type,ExpressionNode,string,scalar,-,,,,,,,,,,0,0,pending,unreviewed,,
ExpressionNode,~unary,Expr,expr,ExpressionNode,string,scalar,-,,,,,,,,,,0,0,pending,unreviewed,,
ExpressionNode,~unary,ExprPos,expr_pos,ExpressionNode,*int,scalar,-,,,,,,,,,,0,0,pending,unreviewed,,
ExpressionNode,~unary,ExprList,expr_list,ExpressionNode,[]string,array,-,,,,,,,,,,0,0,pending,unreviewed,,
ExpressionNode,~unary,MaxEnvVarSubstitution,max_env_var_substitution,ExpressionNode,int,scalar,-,,,,,,,,,,0,0,pending,unreviewed,,
ExpressionNode,~unary,AsRdfType,as_rdf_type,ExpressionNode,string,scalar,-,,,,,,,,,,0,0,pending,unreviewed,,
ExpressionNode,~unary,Arg,arg,ExpressionNode,*ExpressionNode,object,ExpressionNode,,,,,,,,,,57,57,pending,unreviewed,,
ExpressionNode,~unary,Lhs,lhs,ExpressionNode,*ExpressionNode,object,ExpressionNode,,,,,,,,,,0,0,pending,unreviewed,,
ExpressionNode,~unary,Op,op,ExpressionNode,string,scalar,-,,,,,,,,,,57,57,pending,unreviewed,,
ExpressionNode,~unary,Rhs,rhs,ExpressionNode,*ExpressionNode,object,ExpressionNode,,,,,,,,,,0,0,pending,unreviewed,,
ExpressionNode,~unary,ExprEnvVarProxy,expr_env_var_proxy,ExpressionNode,string,scalar,-,,,,,,,,,,0,0,pending,unreviewed,,
ExpressionNode,~unary,Farg,function_arguments,ExpressionNode,[]ExpressionNode,array,ExpressionNode,,,,,,,,,,0,0,pending,unreviewed,,
ExpressionNode,~unary,Default,default,ExpressionNode,*ExpressionNode,object,ExpressionNode,,,,,,,,,,0,0,pending,unreviewed,,
ExpressionNode,~binary,Comment,comment,ExpressionNode,string,scalar,-,,,,,,,,,,0,0,pending,unreviewed,,
ExpressionNode,~binary,Name,name,ExpressionNode,string,scalar,-,,,,,,,,,,0,0,pending,unreviewed,,
ExpressionNode,~binary,Type,type,ExpressionNode,string,scalar,-,,,,,,,,,,0,0,pending,unreviewed,,
ExpressionNode,~binary,Expr,expr,ExpressionNode,string,scalar,-,,,,,,,,,,0,0,pending,unreviewed,,
ExpressionNode,~binary,ExprPos,expr_pos,ExpressionNode,*int,scalar,-,,,,,,,,,,0,0,pending,unreviewed,,
ExpressionNode,~binary,ExprList,expr_list,ExpressionNode,[]string,array,-,,,,,,,,,,0,0,pending,unreviewed,,
ExpressionNode,~binary,MaxEnvVarSubstitution,max_env_var_substitution,ExpressionNode,int,scalar,-,,,,,,,,,,0,0,pending,unreviewed,,
ExpressionNode,~binary,AsRdfType,as_rdf_type,ExpressionNode,string,scalar,-,,,,,,,,,,0,0,pending,unreviewed,,
ExpressionNode,~binary,Arg,arg,ExpressionNode,*ExpressionNode,object,ExpressionNode,,,,,,,,,,0,0,pending,unreviewed,,
ExpressionNode,~binary,Lhs,lhs,ExpressionNode,*ExpressionNode,object,ExpressionNode,,,,,,,,,,1048,1048,pending,unreviewed,,
ExpressionNode,~binary,Op,op,ExpressionNode,string,scalar,-,,,,,,,,,,1048,1048,pending,unreviewed,,
ExpressionNode,~binary,Rhs,rhs,ExpressionNode,*ExpressionNode,object,ExpressionNode,,,,,,,,,,1048,1048,pending,unreviewed,,
ExpressionNode,~binary,ExprEnvVarProxy,expr_env_var_proxy,ExpressionNode,string,scalar,-,,,,,,,,,,0,0,pending,unreviewed,,
ExpressionNode,~binary,Farg,function_arguments,ExpressionNode,[]ExpressionNode,array,ExpressionNode,,,,,,,,,,0,0,pending,unreviewed,,
ExpressionNode,~binary,Default,default,ExpressionNode,*ExpressionNode,object,ExpressionNode,,,,,,,,,,2,2,pending,unreviewed,,
ExpressionNode,select,Comment,comment,ExpressionNode,string,scalar,-,,,,,,,,,,0,0,pending,unreviewed,,
ExpressionNode,select,Name,name,ExpressionNode,string,scalar,-,,,,,,,,,,0,0,pending,unreviewed,,
ExpressionNode,select,Type,type,ExpressionNode,string,scalar,-,,,,,,,,,,806,806,pending,unreviewed,,
ExpressionNode,select,Expr,expr,ExpressionNode,string,scalar,-,,,,,,,,,,806,806,pending,unreviewed,,
ExpressionNode,select,ExprPos,expr_pos,ExpressionNode,*int,scalar,-,,,,,,,,,,0,0,pending,unreviewed,,
ExpressionNode,select,ExprList,expr_list,ExpressionNode,[]string,array,-,,,,,,,,,,0,0,pending,unreviewed,,
ExpressionNode,select,MaxEnvVarSubstitution,max_env_var_substitution,ExpressionNode,int,scalar,-,,,,,,,,,,0,0,pending,unreviewed,,
ExpressionNode,select,AsRdfType,as_rdf_type,ExpressionNode,string,scalar,-,,,,,,,,,,56,56,pending,unreviewed,,
ExpressionNode,select,Arg,arg,ExpressionNode,*ExpressionNode,object,ExpressionNode,,,,,,,,,,0,0,pending,unreviewed,,
ExpressionNode,select,Lhs,lhs,ExpressionNode,*ExpressionNode,object,ExpressionNode,,,,,,,,,,0,0,pending,unreviewed,,
ExpressionNode,select,Op,op,ExpressionNode,string,scalar,-,,,,,,,,,,0,0,pending,unreviewed,,
ExpressionNode,select,Rhs,rhs,ExpressionNode,*ExpressionNode,object,ExpressionNode,,,,,,,,,,0,0,pending,unreviewed,,
ExpressionNode,select,ExprEnvVarProxy,expr_env_var_proxy,ExpressionNode,string,scalar,-,,,,,,,,,,0,0,pending,unreviewed,,
ExpressionNode,select,Farg,function_arguments,ExpressionNode,[]ExpressionNode,array,ExpressionNode,,,,,,,,,,0,0,pending,unreviewed,,
ExpressionNode,select,Default,default,ExpressionNode,*ExpressionNode,object,ExpressionNode,,,,,,,,,,0,0,pending,unreviewed,,
ExpressionNode,value,Comment,comment,ExpressionNode,string,scalar,-,,,,,,,,,,1,1,pending,unreviewed,,
ExpressionNode,value,Name,name,ExpressionNode,string,scalar,-,,,,,,,,,,0,0,pending,unreviewed,,
ExpressionNode,value,Type,type,ExpressionNode,string,scalar,-,,,,,,,,,,590,590,pending,unreviewed,,
ExpressionNode,value,Expr,expr,ExpressionNode,string,scalar,-,,,,,,,,,,590,590,pending,unreviewed,,
ExpressionNode,value,ExprPos,expr_pos,ExpressionNode,*int,scalar,-,,,,,,,,,,0,0,pending,unreviewed,,
ExpressionNode,value,ExprList,expr_list,ExpressionNode,[]string,array,-,,,,,,,,,,0,0,pending,unreviewed,,
ExpressionNode,value,MaxEnvVarSubstitution,max_env_var_substitution,ExpressionNode,int,scalar,-,,,,,,,,,,1,1,pending,unreviewed,,
ExpressionNode,value,AsRdfType,as_rdf_type,ExpressionNode,string,scalar,-,,,,,,,,,,5,5,pending,unreviewed,,
ExpressionNode,value,Arg,arg,ExpressionNode,*ExpressionNode,object,ExpressionNode,,,,,,,,,,0,0,pending,unreviewed,,
ExpressionNode,value,Lhs,lhs,ExpressionNode,*ExpressionNode,object,ExpressionNode,,,,,,,,,,0,0,pending,unreviewed,,
ExpressionNode,value,Op,op,ExpressionNode,string,scalar,-,,,,,,,,,,0,0,pending,unreviewed,,
ExpressionNode,value,Rhs,rhs,ExpressionNode,*ExpressionNode,object,ExpressionNode,,,,,,,,,,0,0,pending,unreviewed,,
ExpressionNode,value,ExprEnvVarProxy,expr_env_var_proxy,ExpressionNode,string,scalar,-,,,,,,,,,,0,0,pending,unreviewed,,
ExpressionNode,value,Farg,function_arguments,ExpressionNode,[]ExpressionNode,array,ExpressionNode,,,,,,,,,,0,0,pending,unreviewed,,
ExpressionNode,value,Default,default,ExpressionNode,*ExpressionNode,object,ExpressionNode,,,,,,,,,,0,0,pending,unreviewed,,
ExpressionNode,expr_proxy,Comment,comment,ExpressionNode,string,scalar,-,,,,,,,,,,0,0,pending,unreviewed,,
ExpressionNode,expr_proxy,Name,name,ExpressionNode,string,scalar,-,,,,,,,,,,0,0,pending,unreviewed,,
ExpressionNode,expr_proxy,Type,type,ExpressionNode,string,scalar,-,,,,,,,,,,1,1,pending,unreviewed,,
ExpressionNode,expr_proxy,Expr,expr,ExpressionNode,string,scalar,-,,,,,,,,,,0,0,pending,unreviewed,,
ExpressionNode,expr_proxy,ExprPos,expr_pos,ExpressionNode,*int,scalar,-,,,,,,,,,,0,0,pending,unreviewed,,
ExpressionNode,expr_proxy,ExprList,expr_list,ExpressionNode,[]string,array,-,,,,,,,,,,0,0,pending,unreviewed,,
ExpressionNode,expr_proxy,MaxEnvVarSubstitution,max_env_var_substitution,ExpressionNode,int,scalar,-,,,,,,,,,,0,0,pending,unreviewed,,
ExpressionNode,expr_proxy,AsRdfType,as_rdf_type,ExpressionNode,string,scalar,-,,,,,,,,,,0,0,pending,unreviewed,,
ExpressionNode,expr_proxy,Arg,arg,ExpressionNode,*ExpressionNode,object,ExpressionNode,,,,,,,,,,0,0,pending,unreviewed,,
ExpressionNode,expr_proxy,Lhs,lhs,ExpressionNode,*ExpressionNode,object,ExpressionNode,,,,,,,,,,0,0,pending,unreviewed,,
ExpressionNode,expr_proxy,Op,op,ExpressionNode,string,scalar,-,,,,,,,,,,0,0,pending,unreviewed,,
ExpressionNode,expr_proxy,Rhs,rhs,ExpressionNode,*ExpressionNode,object,ExpressionNode,,,,,,,,,,0,0,pending,unreviewed,,
ExpressionNode,expr_proxy,ExprEnvVarProxy,expr_env_var_proxy,ExpressionNode,string,scalar,-,,,,,,,,,,1,1,pending,unreviewed,,
ExpressionNode,expr_proxy,Farg,function_arguments,ExpressionNode,[]ExpressionNode,array,ExpressionNode,,,,,,,,,,0,0,pending,unreviewed,,
ExpressionNode,expr_proxy,Default,default,ExpressionNode,*ExpressionNode,object,ExpressionNode,,,,,,,,,,0,0,pending,unreviewed,,
ExpressionNode,function,Comment,comment,ExpressionNode,string,scalar,-,,,,,,,,,,0,0,pending,unreviewed,,
ExpressionNode,function,Name,name,ExpressionNode,string,scalar,-,,,,,,,,,,0,0,pending,unreviewed,,
ExpressionNode,function,Type,type,ExpressionNode,string,scalar,-,,,,,,,,,,2,2,pending,unreviewed,,
ExpressionNode,function,Expr,expr,ExpressionNode,string,scalar,-,,,,,,,,,,2,2,pending,unreviewed,,
ExpressionNode,function,ExprPos,expr_pos,ExpressionNode,*int,scalar,-,,,,,,,,,,0,0,pending,unreviewed,,
ExpressionNode,function,ExprList,expr_list,ExpressionNode,[]string,array,-,,,,,,,,,,0,0,pending,unreviewed,,
ExpressionNode,function,MaxEnvVarSubstitution,max_env_var_substitution,ExpressionNode,int,scalar,-,,,,,,,,,,0,0,pending,unreviewed,,
ExpressionNode,function,AsRdfType,as_rdf_type,ExpressionNode,string,scalar,-,,,,,,,,,,0,0,pending,unreviewed,,
ExpressionNode,function,Arg,arg,ExpressionNode,*ExpressionNode,object,ExpressionNode,,,,,,,,,,0,0,pending,unreviewed,,
ExpressionNode,function,Lhs,lhs,ExpressionNode,*ExpressionNode,object,ExpressionNode,,,,,,,,,,0,0,pending,unreviewed,,
ExpressionNode,function,Op,op,ExpressionNode,string,scalar,-,,,,,,,,,,0,0,pending,unreviewed,,
ExpressionNode,function,Rhs,rhs,ExpressionNode,*ExpressionNode,object,ExpressionNode,,,,,,,,,,0,0,pending,unreviewed,,
ExpressionNode,function,ExprEnvVarProxy,expr_env_var_proxy,ExpressionNode,string,scalar,-,,,,,,,,,,0,0,pending,unreviewed,,
ExpressionNode,function,Farg,function_arguments,ExpressionNode,[]ExpressionNode,array,ExpressionNode,,,,,,,,,,0,0,pending,unreviewed,,
ExpressionNode,function,Default,default,ExpressionNode,*ExpressionNode,object,ExpressionNode,,,,,,,,,,0,0,pending,unreviewed,,
ExpressionNode,static_list,Comment,comment,ExpressionNode,string,scalar,-,,,,,,,,,,0,0,pending,unreviewed,,
ExpressionNode,static_list,Name,name,ExpressionNode,string,scalar,-,,,,,,,,,,0,0,pending,unreviewed,,
ExpressionNode,static_list,Type,type,ExpressionNode,string,scalar,-,,,,,,,,,,53,53,pending,unreviewed,,
ExpressionNode,static_list,Expr,expr,ExpressionNode,string,scalar,-,,,,,,,,,,0,0,pending,unreviewed,,
ExpressionNode,static_list,ExprPos,expr_pos,ExpressionNode,*int,scalar,-,,,,,,,,,,0,0,pending,unreviewed,,
ExpressionNode,static_list,ExprList,expr_list,ExpressionNode,[]string,array,-,,,,,,,,,,53,53,pending,unreviewed,,
ExpressionNode,static_list,MaxEnvVarSubstitution,max_env_var_substitution,ExpressionNode,int,scalar,-,,,,,,,,,,0,0,pending,unreviewed,,
ExpressionNode,static_list,AsRdfType,as_rdf_type,ExpressionNode,string,scalar,-,,,,,,,,,,0,0,pending,unreviewed,,
ExpressionNode,static_list,Arg,arg,ExpressionNode,*ExpressionNode,object,ExpressionNode,,,,,,,,,,0,0,pending,unreviewed,,
ExpressionNode,static_list,Lhs,lhs,ExpressionNode,*ExpressionNode,object,ExpressionNode,,,,,,,,,,0,0,pending,unreviewed,,
ExpressionNode,static_list,Op,op,ExpressionNode,string,scalar,-,,,,,,,,,,0,0,pending,unreviewed,,
ExpressionNode,static_list,Rhs,rhs,ExpressionNode,*ExpressionNode,object,ExpressionNode,,,,,,,,,,0,0,pending,unreviewed,,
ExpressionNode,static_list,ExprEnvVarProxy,expr_env_var_proxy,ExpressionNode,string,scalar,-,,,,,,,,,,0,0,pending,unreviewed,,
ExpressionNode,static_list,Farg,function_arguments,ExpressionNode,[]ExpressionNode,array,ExpressionNode,,,,,,,,,,0,0,pending,unreviewed,,
ExpressionNode,static_list,Default,default,ExpressionNode,*ExpressionNode,object,ExpressionNode,,,,,,,,,,0,0,pending,unreviewed,,
ConditionalEnvVariable,*,Comment,comment,ConditionalEnvVariable,string,scalar,-,,,,,,,,,,,,pending,unreviewed,,
ConditionalEnvVariable,*,CaseExpr,case_expr,ConditionalEnvVariable,[]CaseEnvExpression,array,CaseEnvExpression,,,,,,,,,,,,pending,unreviewed,,
ConditionalEnvVariable,*,ElseExpr,else_expr,ConditionalEnvVariable,[]*ExpressionNode,array,ExpressionNode,,,,,,,,,,,,pending,unreviewed,,
CaseEnvExpression,*,Comment,comment,CaseEnvExpression,string,scalar,-,,,,,,,,,,,,pending,unreviewed,,
CaseEnvExpression,*,When,when,CaseEnvExpression,ExpressionNode,object,ExpressionNode,,,,,,,,,,,,pending,unreviewed,,
CaseEnvExpression,*,Then,then,CaseEnvExpression,[]*ExpressionNode,array,ExpressionNode,,,,,,,,,,,,pending,unreviewed,,
PipeSpec,fan_out,Comment,comment,PipeSpec,string,scalar,-,,,,,,,,,,0,0,pending,unreviewed,,
PipeSpec,fan_out,Type,type,PipeSpec,string,scalar,-,-,yes,yes,-,-,none,comment,jets/compute_pipes/pipes_model.go:547,no,226,215,pending,unreviewed,"The pipe type. Range: fan_out, splitter, merge_files.",-
PipeSpec,fan_out,InputChannel,input_channel,PipeSpec,InputChannelConfig,object,InputChannelConfig,-,yes,yes,-,-,none,validator,jets/compute_pipes/actions_start_common.go:829,no,226,215,pending,unreviewed,The channel this pipe reads from.,Non-pointer: an absent input_channel decodes to the zero struct and the validator then defaults its type to memory.
PipeSpec,fan_out,SplitterConfig,splitter_config,PipeSpec,*SplitterSpec,object,SplitterSpec,-,no,na,-,-,none,comment,jets/compute_pipes/pipes_model.go:549,no,0,0,pending,unreviewed,Configuration of the splitter pipe type.,"Named for the splitter type; not read by this pipe type. Argument from naming and from 0 occurrences on this token across the live corpus, against 90/90 on PipeSpec/splitter."
PipeSpec,fan_out,MergeFileConfig,merge_file_config,PipeSpec,*MergeFileSpec,object,MergeFileSpec,-,no,na,-,-,none,comment,jets/compute_pipes/pipes_model.go:550,no,0,0,pending,unreviewed,Configuration of the merge_files pipe type.,-
PipeSpec,fan_out,Apply,apply,PipeSpec,[]TransformationSpec,array,TransformationSpec,-,yes,no,-,-,none,corpus,-,no,226,215,pending,unreviewed,"The transformations applied to each record, in order.","162/162 in the corpus, but nothing enforces it: a fan_out with no apply is a no-op rather than an error. required=yes would be a guess - the review decides whether to state it as a contract or leave it to the operator."
PipeSpec,fan_out,OutputFile,output_file,PipeSpec,*string,scalar,-,-,no,na,-,-,none,comment,jets/compute_pipes/pipes_model.go:552,no,0,0,pending,unreviewed,Key of an output_files entry; for merge_files.,-
PipeSpec,merge_files,Comment,comment,PipeSpec,string,scalar,-,,,,,,,,,,0,0,pending,unreviewed,,
PipeSpec,merge_files,Type,type,PipeSpec,string,scalar,-,-,yes,yes,-,-,none,comment,jets/compute_pipes/pipes_model.go:547,no,18,18,pending,unreviewed,"The pipe type. Range: fan_out, splitter, merge_files.",-
PipeSpec,merge_files,InputChannel,input_channel,PipeSpec,InputChannelConfig,object,InputChannelConfig,-,yes,yes,-,-,none,validator,jets/compute_pipes/actions_start_common.go:876,no,18,18,pending,unreviewed,The channel this pipe reads from.,merge_files must read from a channel of type stage.
PipeSpec,merge_files,SplitterConfig,splitter_config,PipeSpec,*SplitterSpec,object,SplitterSpec,-,no,na,-,-,none,comment,jets/compute_pipes/pipes_model.go:549,no,0,0,pending,unreviewed,Configuration of the splitter pipe type.,"Named for the splitter type; not read by this pipe type. Argument from naming and from 0 occurrences on this token across the live corpus, against 90/90 on PipeSpec/splitter."
PipeSpec,merge_files,MergeFileConfig,merge_file_config,PipeSpec,*MergeFileSpec,object,MergeFileSpec,-,yes,no,-,-,none,corpus,-,no,3,3,pending,unreviewed,Configuration of the merge: whether the first partition carries the headers.,3/19 in the live corpus; absent means first_partition_has_headers false.
PipeSpec,merge_files,Apply,apply,PipeSpec,[]TransformationSpec,array,TransformationSpec,-,no,na,-,-,none,corpus,-,no,0,0,pending,unreviewed,"The transformations applied to each record, in order.",0/19 across the live corpus. Absence in the corpus is weak evidence (plan 5.2.1) - this row needs pipe_executor_merge_files.go read before it is trusted.
PipeSpec,merge_files,OutputFile,output_file,PipeSpec,*string,scalar,-,-,yes,yes,-,-,none,validator,jets/compute_pipes/actions_start_common.go:882,no,18,18,pending,unreviewed,Key of the output_files entry describing the merged file.,-
PipeSpec,splitter,Comment,comment,PipeSpec,string,scalar,-,,,,,,,,,,0,0,pending,unreviewed,,
PipeSpec,splitter,Type,type,PipeSpec,string,scalar,-,-,yes,yes,-,-,none,comment,jets/compute_pipes/pipes_model.go:547,no,89,89,pending,unreviewed,The pipe kind. Selects which of the pipe-level config fields apply.,-
PipeSpec,splitter,InputChannel,input_channel,PipeSpec,InputChannelConfig,object,InputChannelConfig,-,yes,yes,-,-,none,validator,jets/compute_pipes/actions_start_common.go:829,no,89,89,pending,unreviewed,The channel this pipe reads its records from.,-
PipeSpec,splitter,SplitterConfig,splitter_config,PipeSpec,*SplitterSpec,object,SplitterSpec,-,yes,yes,-,-,none,builder,jets/compute_pipes/pipe_executor_splitter.go:94,no,89,89,pending,unreviewed,How to split the input records into partitions.,"Required, and the only pipe kind for which it is: 90/90 live. Seven configs under workspaces/*/data/ carry a splitter without one, which is why they are retired - the pipe fails to build on every execution."
PipeSpec,splitter,MergeFileConfig,merge_file_config,PipeSpec,*MergeFileSpec,object,MergeFileSpec,-,no,na,-,-,none,comment,jets/compute_pipes/pipes_model.go:550,no,0,0,pending,unreviewed,Merge behaviour. Applies to merge_files only.,"Named for the merge_files type; not read by this pipe type. The type comment at pipes_model.go:526 gives the pipe-kind range, and the field belongs to merge_files."
PipeSpec,splitter,Apply,apply,PipeSpec,[]TransformationSpec,array,TransformationSpec,-,yes,no,-,-,none,corpus,-,no,89,89,pending,unreviewed,The transformations applied to the records of each partition.,"90/90 in the live corpus, but nothing enforces it: the validator only ranges over Apply, so an empty one is a no-op rather than an error. Same reading as PipeSpec/fan_out.apply."
PipeSpec,splitter,OutputFile,output_file,PipeSpec,*string,scalar,-,-,no,na,-,-,none,comment,jets/compute_pipes/pipes_model.go:552,no,0,0,pending,unreviewed,Name of the output file entry to write. Applies to merge_files only.,The declaration carries the comment `for merge_files`.
InputChannelConfig,memory,Comment,comment,InputChannelConfig,string,scalar,-,,,,,,,,,,,,pending,unreviewed,,
InputChannelConfig,memory,BadRowsConfig,bad_rows_config,FileConfig,*BadRowsSpec,object,BadRowsSpec,,,,,,,,,,,,pending,unreviewed,,
InputChannelConfig,memory,BlankFieldMarkers,blank_field_markers,FileConfig,*BlankFieldMarkersSpec,object,BlankFieldMarkersSpec,,,,,,,,,,,,pending,unreviewed,,
InputChannelConfig,memory,Bucket,bucket,FileConfig,string,scalar,-,,,,,,,,,,,,pending,unreviewed,,
InputChannelConfig,memory,Compression,compression,FileConfig,string,scalar,-,,,,,,,,,,,,pending,unreviewed,,
InputChannelConfig,memory,Delimiter,delimiter,FileConfig,rune,scalar,-,,,,,,,,,,,,pending,unreviewed,,
InputChannelConfig,memory,DetectCrAsEol,detect_cr_as_eol,FileConfig,bool,scalar,-,,,,,,,,,,,,pending,unreviewed,,
InputChannelConfig,memory,DetectEncoding,detect_encoding,FileConfig,bool,scalar,-,,,,,,,,,,,,pending,unreviewed,,
InputChannelConfig,memory,DiscardFileHeaders,discard_file_headers,FileConfig,bool,scalar,-,,,,,,,,,,,,pending,unreviewed,,
InputChannelConfig,memory,DomainClass,domain_class,FileConfig,string,scalar,-,,,,,,,,,,,,pending,unreviewed,,
InputChannelConfig,memory,DomainKeys,domain_keys,FileConfig,map[string]any,map,-,,,,,,,,,,,,pending,unreviewed,,
InputChannelConfig,memory,DropExcedentHeaders,drop_excedent_headers,FileConfig,bool,scalar,-,,,,,,,,,,,,pending,unreviewed,,
InputChannelConfig,memory,Encoding,encoding,FileConfig,string,scalar,-,,,,,,,,,,,,pending,unreviewed,,
InputChannelConfig,memory,EnforceRowMaxLength,enforce_row_max_length,FileConfig,bool,scalar,-,,,,,,,,,,,,pending,unreviewed,,
InputChannelConfig,memory,EnforceRowMinLength,enforce_row_min_length,FileConfig,bool,scalar,-,,,,,,,,,,,,pending,unreviewed,,
InputChannelConfig,memory,EolByte,eol_byte,FileConfig,byte,scalar,-,,,,,,,,,,,,pending,unreviewed,,
InputChannelConfig,memory,FailOnEmptyColumnName,fail_on_empty_column_name,FileConfig,bool,scalar,-,,,,,,,,,,,,pending,unreviewed,,
InputChannelConfig,memory,FileKey,file_key,FileConfig,string,scalar,-,,,,,,,,,,,,pending,unreviewed,,
InputChannelConfig,memory,LookbackPeriods,lookback_periods,FileConfig,string,scalar,-,,,,,,,,,,,,pending,unreviewed,,
InputChannelConfig,memory,FileName,file_name,FileConfig,string,scalar,-,,,,,,,,,,,,pending,unreviewed,,
InputChannelConfig,memory,FixedWidthColumnsCsv,fixed_width_columns_csv,FileConfig,string,scalar,-,,,,,,,,,,,,pending,unreviewed,,
InputChannelConfig,memory,Format,format,FileConfig,string,scalar,-,,,,,,,,,,,,pending,unreviewed,,
InputChannelConfig,memory,InputFormatDataJson,input_format_data_json,FileConfig,string,scalar,-,,,,,,,,,,,,pending,unreviewed,,
InputChannelConfig,memory,IsPartFiles,is_part_files,FileConfig,bool,scalar,-,,,,,,,,,,,,pending,unreviewed,,
InputChannelConfig,memory,KeyPrefix,key_prefix,FileConfig,string,scalar,-,,,,,,,,,,,,pending,unreviewed,,
InputChannelConfig,memory,MainInputRowCount,main_input_row_count,FileConfig,int64,scalar,-,,,,,,,,,,,,pending,unreviewed,,
InputChannelConfig,memory,MultiColumnsInput,multi_columns_input,FileConfig,bool,scalar,-,,,,,,,,,,,,pending,unreviewed,,
InputChannelConfig,memory,NbrRowsInRecord,nbr_rows_in_record,FileConfig,int64,scalar,-,,,,,,,,,,,,pending,unreviewed,,
InputChannelConfig,memory,NoQuotes,no_quotes,FileConfig,bool,scalar,-,,,,,,,,,,,,pending,unreviewed,,
InputChannelConfig,memory,ParquetSchema,parquet_schema,FileConfig,*ParquetSchemaInfo,object,ParquetSchemaInfo,,,,,,,,,,,,pending,unreviewed,,
InputChannelConfig,memory,PutHeadersOnFirstPartition,put_headers_on_first_partition,FileConfig,bool,scalar,-,,,,,,,,,,,,pending,unreviewed,,
InputChannelConfig,memory,QuoteAllRecords,quote_all_records,FileConfig,bool,scalar,-,,,,,,,,,,,,pending,unreviewed,,
InputChannelConfig,memory,ReadBatchSize,read_batch_size,FileConfig,int64,scalar,-,,,,,,,,,,,,pending,unreviewed,,
InputChannelConfig,memory,ReadDateLayout,read_date_layout,FileConfig,string,scalar,-,,,,,,,,,,,,pending,unreviewed,,
InputChannelConfig,memory,ReorderColumnsOnRead,reorder_columns_on_read,FileConfig,[]int,array,-,,,,,,,,,,,,pending,unreviewed,,
InputChannelConfig,memory,TrimColumns,trim_columns,FileConfig,bool,scalar,-,,,,,,,,,,,,pending,unreviewed,,
InputChannelConfig,memory,UseLazyQuotes,use_lazy_quotes,FileConfig,bool,scalar,-,,,,,,,,,,,,pending,unreviewed,,
InputChannelConfig,memory,UseLazyQuotesSpecial,use_lazy_quotes_special,FileConfig,bool,scalar,-,,,,,,,,,,,,pending,unreviewed,,
InputChannelConfig,memory,VariableFieldsPerRecord,variable_fields_per_record,FileConfig,bool,scalar,-,,,,,,,,,,,,pending,unreviewed,,
InputChannelConfig,memory,WriteDateLayout,write_date_layout,FileConfig,string,scalar,-,,,,,,,,,,,,pending,unreviewed,,
InputChannelConfig,memory,OutputEncoding,output_encoding,FileConfig,string,scalar,-,,,,,,,,,,,,pending,unreviewed,,
InputChannelConfig,memory,OutputEncodingSameAsInput,output_encoding_same_as_input,FileConfig,bool,scalar,-,,,,,,,,,,,,pending,unreviewed,,
InputChannelConfig,memory,Type,type,InputChannelConfig,string,scalar,-,,,,,,,,,,,,pending,unreviewed,,
InputChannelConfig,memory,Name,name,InputChannelConfig,string,scalar,-,,,,,,,,,,,,pending,unreviewed,,
InputChannelConfig,memory,SchemaProvider,schema_provider,InputChannelConfig,string,scalar,-,,,,,,,,,,,,pending,unreviewed,,
InputChannelConfig,memory,ReadSessionId,read_session_id,InputChannelConfig,string,scalar,-,,,,,,,,,,,,pending,unreviewed,,
InputChannelConfig,memory,ReadStepId,read_step_id,InputChannelConfig,string,scalar,-,,,,,,,,,,,,pending,unreviewed,,
InputChannelConfig,memory,ReadPartitionId,read_partition_id,InputChannelConfig,string,scalar,-,,,,,,,,,,,,pending,unreviewed,,
InputChannelConfig,memory,SamplingRate,sampling_rate,InputChannelConfig,int,scalar,-,,,,,,,,,,,,pending,unreviewed,,
InputChannelConfig,memory,SamplingMaxCount,sampling_max_count,InputChannelConfig,int,scalar,-,,,,,,,,,,,,pending,unreviewed,,
InputChannelConfig,memory,HasGroupedRows,has_grouped_rows,InputChannelConfig,bool,scalar,-,,,,,,,,,,,,pending,unreviewed,,
InputChannelConfig,memory,MergeChannels,merge_channels,InputChannelConfig,[]InputChannelConfig,array,InputChannelConfig,,,,,,,,,,,,pending,unreviewed,,
InputChannelConfig,memory,NbrNodesAny,nbr_nodes,InputChannelConfig,any,any,-,,,,,,,,,,,,pending,unreviewed,,
InputChannelConfig,memory,NbrRowsAny,nbr_rows,InputChannelConfig,any,any,-,,,,,,,,,,,,pending,unreviewed,,
InputChannelConfig,input,Comment,comment,InputChannelConfig,string,scalar,-,,,,,,,,,,0,0,pending,unreviewed,,
InputChannelConfig,input,BadRowsConfig,bad_rows_config,FileConfig,*BadRowsSpec,object,BadRowsSpec,,,,,,,,,,4,4,pending,unreviewed,,
InputChannelConfig,input,BlankFieldMarkers,blank_field_markers,FileConfig,*BlankFieldMarkersSpec,object,BlankFieldMarkersSpec,,,,,,,,,,0,0,pending,unreviewed,,
InputChannelConfig,input,Bucket,bucket,FileConfig,string,scalar,-,,,,,,,,,,0,0,pending,unreviewed,,
InputChannelConfig,input,Compression,compression,FileConfig,string,scalar,-,,,,,,,,,,0,0,pending,unreviewed,,
InputChannelConfig,input,Delimiter,delimiter,FileConfig,rune,scalar,-,,,,,,,,,,0,0,pending,unreviewed,,
InputChannelConfig,input,DetectCrAsEol,detect_cr_as_eol,FileConfig,bool,scalar,-,,,,,,,,,,0,0,pending,unreviewed,,
InputChannelConfig,input,DetectEncoding,detect_encoding,FileConfig,bool,scalar,-,,,,,,,,,,0,0,pending,unreviewed,,
InputChannelConfig,input,DiscardFileHeaders,discard_file_headers,FileConfig,bool,scalar,-,,,,,,,,,,0,0,pending,unreviewed,,
InputChannelConfig,input,DomainClass,domain_class,FileConfig,string,scalar,-,,,,,,,,,,0,0,pending,unreviewed,,
InputChannelConfig,input,DomainKeys,domain_keys,FileConfig,map[string]any,map,-,,,,,,,,,,0,0,pending,unreviewed,,
InputChannelConfig,input,DropExcedentHeaders,drop_excedent_headers,FileConfig,bool,scalar,-,,,,,,,,,,0,0,pending,unreviewed,,
InputChannelConfig,input,Encoding,encoding,FileConfig,string,scalar,-,,,,,,,,,,0,0,pending,unreviewed,,
InputChannelConfig,input,EnforceRowMaxLength,enforce_row_max_length,FileConfig,bool,scalar,-,,,,,,,,,,0,0,pending,unreviewed,,
InputChannelConfig,input,EnforceRowMinLength,enforce_row_min_length,FileConfig,bool,scalar,-,,,,,,,,,,0,0,pending,unreviewed,,
InputChannelConfig,input,EolByte,eol_byte,FileConfig,byte,scalar,-,,,,,,,,,,0,0,pending,unreviewed,,
InputChannelConfig,input,FailOnEmptyColumnName,fail_on_empty_column_name,FileConfig,bool,scalar,-,,,,,,,,,,0,0,pending,unreviewed,,
InputChannelConfig,input,FileKey,file_key,FileConfig,string,scalar,-,,,,,,,,,,0,0,pending,unreviewed,,
InputChannelConfig,input,LookbackPeriods,lookback_periods,FileConfig,string,scalar,-,,,,,,,,,,0,0,pending,unreviewed,,
InputChannelConfig,input,FileName,file_name,FileConfig,string,scalar,-,,,,,,,,,,0,0,pending,unreviewed,,
InputChannelConfig,input,FixedWidthColumnsCsv,fixed_width_columns_csv,FileConfig,string,scalar,-,,,,,,,,,,0,0,pending,unreviewed,,
InputChannelConfig,input,Format,format,FileConfig,string,scalar,-,,,,,,,,,,0,0,pending,unreviewed,,
InputChannelConfig,input,InputFormatDataJson,input_format_data_json,FileConfig,string,scalar,-,,,,,,,,,,0,0,pending,unreviewed,,
InputChannelConfig,input,IsPartFiles,is_part_files,FileConfig,bool,scalar,-,,,,,,,,,,0,0,pending,unreviewed,,
InputChannelConfig,input,KeyPrefix,key_prefix,FileConfig,string,scalar,-,,,,,,,,,,0,0,pending,unreviewed,,
InputChannelConfig,input,MainInputRowCount,main_input_row_count,FileConfig,int64,scalar,-,,,,,,,,,,0,0,pending,unreviewed,,
InputChannelConfig,input,MultiColumnsInput,multi_columns_input,FileConfig,bool,scalar,-,,,,,,,,,,11,11,pending,unreviewed,,
InputChannelConfig,input,NbrRowsInRecord,nbr_rows_in_record,FileConfig,int64,scalar,-,,,,,,,,,,0,0,pending,unreviewed,,
InputChannelConfig,input,NoQuotes,no_quotes,FileConfig,bool,scalar,-,,,,,,,,,,1,1,pending,unreviewed,,
InputChannelConfig,input,ParquetSchema,parquet_schema,FileConfig,*ParquetSchemaInfo,object,ParquetSchemaInfo,,,,,,,,,,0,0,pending,unreviewed,,
InputChannelConfig,input,PutHeadersOnFirstPartition,put_headers_on_first_partition,FileConfig,bool,scalar,-,,,,,,,,,,0,0,pending,unreviewed,,
InputChannelConfig,input,QuoteAllRecords,quote_all_records,FileConfig,bool,scalar,-,,,,,,,,,,0,0,pending,unreviewed,,
InputChannelConfig,input,ReadBatchSize,read_batch_size,FileConfig,int64,scalar,-,,,,,,,,,,0,0,pending,unreviewed,,
InputChannelConfig,input,ReadDateLayout,read_date_layout,FileConfig,string,scalar,-,,,,,,,,,,0,0,pending,unreviewed,,
InputChannelConfig,input,ReorderColumnsOnRead,reorder_columns_on_read,FileConfig,[]int,array,-,,,,,,,,,,0,0,pending,unreviewed,,
InputChannelConfig,input,TrimColumns,trim_columns,FileConfig,bool,scalar,-,,,,,,,,,,4,4,pending,unreviewed,,
InputChannelConfig,input,UseLazyQuotes,use_lazy_quotes,FileConfig,bool,scalar,-,,,,,,,,,,0,0,pending,unreviewed,,
InputChannelConfig,input,UseLazyQuotesSpecial,use_lazy_quotes_special,FileConfig,bool,scalar,-,,,,,,,,,,13,13,pending,unreviewed,,
InputChannelConfig,input,VariableFieldsPerRecord,variable_fields_per_record,FileConfig,bool,scalar,-,,,,,,,,,,16,16,pending,unreviewed,,
InputChannelConfig,input,WriteDateLayout,write_date_layout,FileConfig,string,scalar,-,,,,,,,,,,0,0,pending,unreviewed,,
InputChannelConfig,input,OutputEncoding,output_encoding,FileConfig,string,scalar,-,,,,,,,,,,0,0,pending,unreviewed,,
InputChannelConfig,input,OutputEncodingSameAsInput,output_encoding_same_as_input,FileConfig,bool,scalar,-,,,,,,,,,,0,0,pending,unreviewed,,
InputChannelConfig,input,Type,type,InputChannelConfig,string,scalar,-,,,,,,,,,,46,42,pending,unreviewed,,
InputChannelConfig,input,Name,name,InputChannelConfig,string,scalar,-,,,,,,,,,,46,42,pending,unreviewed,,
InputChannelConfig,input,SchemaProvider,schema_provider,InputChannelConfig,string,scalar,-,,,,,,,,,,0,0,pending,unreviewed,,
InputChannelConfig,input,ReadSessionId,read_session_id,InputChannelConfig,string,scalar,-,,,,,,,,,,0,0,pending,unreviewed,,
InputChannelConfig,input,ReadStepId,read_step_id,InputChannelConfig,string,scalar,-,,,,,,,,,,0,0,pending,unreviewed,,
InputChannelConfig,input,ReadPartitionId,read_partition_id,InputChannelConfig,string,scalar,-,,,,,,,,,,0,0,pending,unreviewed,,
InputChannelConfig,input,SamplingRate,sampling_rate,InputChannelConfig,int,scalar,-,,,,,,,,,,2,2,pending,unreviewed,,
InputChannelConfig,input,SamplingMaxCount,sampling_max_count,InputChannelConfig,int,scalar,-,,,,,,,,,,4,4,pending,unreviewed,,
InputChannelConfig,input,HasGroupedRows,has_grouped_rows,InputChannelConfig,bool,scalar,-,,,,,,,,,,0,0,pending,unreviewed,,
InputChannelConfig,input,MergeChannels,merge_channels,InputChannelConfig,[]InputChannelConfig,array,InputChannelConfig,,,,,,,,,,0,0,pending,unreviewed,,
InputChannelConfig,input,NbrNodesAny,nbr_nodes,InputChannelConfig,any,any,-,,,,,,,,,,0,0,pending,unreviewed,,
InputChannelConfig,input,NbrRowsAny,nbr_rows,InputChannelConfig,any,any,-,,,,,,,,,,0,0,pending,unreviewed,,
InputChannelConfig,stage,Comment,comment,InputChannelConfig,string,scalar,-,,,,,,,,,,0,0,pending,unreviewed,,
InputChannelConfig,stage,BadRowsConfig,bad_rows_config,FileConfig,*BadRowsSpec,object,BadRowsSpec,,,,,,,,,,0,0,pending,unreviewed,,
InputChannelConfig,stage,BlankFieldMarkers,blank_field_markers,FileConfig,*BlankFieldMarkersSpec,object,BlankFieldMarkersSpec,,,,,,,,,,0,0,pending,unreviewed,,
InputChannelConfig,stage,Bucket,bucket,FileConfig,string,scalar,-,-,yes,no,-,jetstore_bucket,validator,validator,jets/compute_pipes/actions_start_common.go:849,no,0,0,pending,unreviewed,Bucket holding the staged files.,"Forced, not defaulted: the validator overwrites whatever the config says. Closer to applicable=no than to a default - a review row."
InputChannelConfig,stage,Compression,compression,FileConfig,string,scalar,-,-,yes,no,-,snappy,validator,validator,jets/compute_pipes/actions_start_common.go:858,no,87,85,pending,unreviewed,Compression of the staged files.,-
InputChannelConfig,stage,Delimiter,delimiter,FileConfig,rune,scalar,-,-,yes,no,-,44,validator,validator,jets/compute_pipes/actions_start_common.go:852,no,4,4,pending,unreviewed,Field delimiter of the staged files.,"A Go rune: it decodes from a json number, not from a one-character string. The default is ',' as the code point 44."
InputChannelConfig,stage,DetectCrAsEol,detect_cr_as_eol,FileConfig,bool,scalar,-,,,,,,,,,,0,0,pending,unreviewed,,
InputChannelConfig,stage,DetectEncoding,detect_encoding,FileConfig,bool,scalar,-,,,,,,,,,,0,0,pending,unreviewed,,
InputChannelConfig,stage,DiscardFileHeaders,discard_file_headers,FileConfig,bool,scalar,-,,,,,,,,,,0,0,pending,unreviewed,,
InputChannelConfig,stage,DomainClass,domain_class,FileConfig,string,scalar,-,,,,,,,,,,0,0,pending,unreviewed,,
InputChannelConfig,stage,DomainKeys,domain_keys,FileConfig,map[string]any,map,-,,,,,,,,,,0,0,pending,unreviewed,,
InputChannelConfig,stage,DropExcedentHeaders,drop_excedent_headers,FileConfig,bool,scalar,-,,,,,,,,,,0,0,pending,unreviewed,,
InputChannelConfig,stage,Encoding,encoding,FileConfig,string,scalar,-,,,,,,,,,,0,0,pending,unreviewed,,
InputChannelConfig,stage,EnforceRowMaxLength,enforce_row_max_length,FileConfig,bool,scalar,-,,,,,,,,,,0,0,pending,unreviewed,,
InputChannelConfig,stage,EnforceRowMinLength,enforce_row_min_length,FileConfig,bool,scalar,-,,,,,,,,,,0,0,pending,unreviewed,,
InputChannelConfig,stage,EolByte,eol_byte,FileConfig,byte,scalar,-,,,,,,,,,,0,0,pending,unreviewed,,
InputChannelConfig,stage,FailOnEmptyColumnName,fail_on_empty_column_name,FileConfig,bool,scalar,-,,,,,,,,,,0,0,pending,unreviewed,,
InputChannelConfig,stage,FileKey,file_key,FileConfig,string,scalar,-,,,,,,,,,,12,12,pending,unreviewed,,
InputChannelConfig,stage,LookbackPeriods,lookback_periods,FileConfig,string,scalar,-,,,,,,,,,,8,8,pending,unreviewed,,
InputChannelConfig,stage,FileName,file_name,FileConfig,string,scalar,-,,,,,,,,,,0,0,pending,unreviewed,,
InputChannelConfig,stage,FixedWidthColumnsCsv,fixed_width_columns_csv,FileConfig,string,scalar,-,,,,,,,,,,0,0,pending,unreviewed,,
InputChannelConfig,stage,Format,format,FileConfig,string,scalar,-,-,yes,no,-,headerless_csv,validator,validator,jets/compute_pipes/actions_start_common.go:855,no,93,91,pending,unreviewed,File format of the staged files.,-
InputChannelConfig,stage,InputFormatDataJson,input_format_data_json,FileConfig,string,scalar,-,,,,,,,,,,0,0,pending,unreviewed,,
InputChannelConfig,stage,IsPartFiles,is_part_files,FileConfig,bool,scalar,-,,,,,,,,,,0,0,pending,unreviewed,,
InputChannelConfig,stage,KeyPrefix,key_prefix,FileConfig,string,scalar,-,,,,,,,,,,0,0,pending,unreviewed,,
InputChannelConfig,stage,MainInputRowCount,main_input_row_count,FileConfig,int64,scalar,-,,,,,,,,,,0,0,pending,unreviewed,,
InputChannelConfig,stage,MultiColumnsInput,multi_columns_input,FileConfig,bool,scalar,-,,,,,,,,,,0,0,pending,unreviewed,,
InputChannelConfig,stage,NbrRowsInRecord,nbr_rows_in_record,FileConfig,int64,scalar,-,,,,,,,,,,0,0,pending,unreviewed,,
InputChannelConfig,stage,NoQuotes,no_quotes,FileConfig,bool,scalar,-,,,,,,,,,,0,0,pending,unreviewed,,
InputChannelConfig,stage,ParquetSchema,parquet_schema,FileConfig,*ParquetSchemaInfo,object,ParquetSchemaInfo,,,,,,,,,,0,0,pending,unreviewed,,
InputChannelConfig,stage,PutHeadersOnFirstPartition,put_headers_on_first_partition,FileConfig,bool,scalar,-,,,,,,,,,,0,0,pending,unreviewed,,
InputChannelConfig,stage,QuoteAllRecords,quote_all_records,FileConfig,bool,scalar,-,,,,,,,,,,0,0,pending,unreviewed,,
InputChannelConfig,stage,ReadBatchSize,read_batch_size,FileConfig,int64,scalar,-,,,,,,,,,,0,0,pending,unreviewed,,
InputChannelConfig,stage,ReadDateLayout,read_date_layout,FileConfig,string,scalar,-,,,,,,,,,,0,0,pending,unreviewed,,
InputChannelConfig,stage,ReorderColumnsOnRead,reorder_columns_on_read,FileConfig,[]int,array,-,,,,,,,,,,0,0,pending,unreviewed,,
InputChannelConfig,stage,TrimColumns,trim_columns,FileConfig,bool,scalar,-,,,,,,,,,,0,0,pending,unreviewed,,
InputChannelConfig,stage,UseLazyQuotes,use_lazy_quotes,FileConfig,bool,scalar,-,,,,,,,,,,0,0,pending,unreviewed,,
InputChannelConfig,stage,UseLazyQuotesSpecial,use_lazy_quotes_special,FileConfig,bool,scalar,-,,,,,,,,,,0,0,pending,unreviewed,,
InputChannelConfig,stage,VariableFieldsPerRecord,variable_fields_per_record,FileConfig,bool,scalar,-,,,,,,,,,,6,6,pending,unreviewed,,
InputChannelConfig,stage,WriteDateLayout,write_date_layout,FileConfig,string,scalar,-,,,,,,,,,,0,0,pending,unreviewed,,
InputChannelConfig,stage,OutputEncoding,output_encoding,FileConfig,string,scalar,-,,,,,,,,,,0,0,pending,unreviewed,,
InputChannelConfig,stage,OutputEncodingSameAsInput,output_encoding_same_as_input,FileConfig,bool,scalar,-,,,,,,,,,,0,0,pending,unreviewed,,
InputChannelConfig,stage,Type,type,InputChannelConfig,string,scalar,-,-,yes,yes,-,-,none,validator,jets/compute_pipes/actions_start_common.go:862,no,126,124,pending,unreviewed,"The channel type. Range: memory (default), input, stage, generator.",-
InputChannelConfig,stage,Name,name,InputChannelConfig,string,scalar,-,-,yes,yes,-,-,none,validator,jets/compute_pipes/actions_start_common.go:867,no,126,124,pending,unreviewed,The channel name; must be unique across the pipes of a step.,The validator rejects two input channels reading from the same name rather than an empty name. Presence is corpus evidence; the uniqueness is the constraint row.
InputChannelConfig,stage,SchemaProvider,schema_provider,InputChannelConfig,string,scalar,-,-,yes,no,-,-,none,validator,jets/compute_pipes/actions_start_common.go:840,no,2,2,pending,unreviewed,Key of a schema_providers entry; its settings are synced onto this channel.,-
InputChannelConfig,stage,ReadSessionId,read_session_id,InputChannelConfig,string,scalar,-,,,,,,,,,,0,0,pending,unreviewed,,
InputChannelConfig,stage,ReadStepId,read_step_id,InputChannelConfig,string,scalar,-,-,yes,no,-,-,none,corpus,-,no,114,112,pending,unreviewed,Step id under the stage location to read from.,-
InputChannelConfig,stage,ReadPartitionId,read_partition_id,InputChannelConfig,string,scalar,-,,,,,,,,,,0,0,pending,unreviewed,,
InputChannelConfig,stage,SamplingRate,sampling_rate,InputChannelConfig,int,scalar,-,,,,,,,,,,0,0,pending,unreviewed,,
InputChannelConfig,stage,SamplingMaxCount,sampling_max_count,InputChannelConfig,int,scalar,-,,,,,,,,,,5,5,pending,unreviewed,,
InputChannelConfig,stage,HasGroupedRows,has_grouped_rows,InputChannelConfig,bool,scalar,-,,,,,,,,,,0,0,pending,unreviewed,,
InputChannelConfig,stage,MergeChannels,merge_channels,InputChannelConfig,[]InputChannelConfig,array,InputChannelConfig,,,,,,,,,,8,7,pending,unreviewed,,
InputChannelConfig,stage,NbrNodesAny,nbr_nodes,InputChannelConfig,any,any,-,,,,,,,,,,0,0,pending,unreviewed,,
InputChannelConfig,stage,NbrRowsAny,nbr_rows,InputChannelConfig,any,any,-,,,,,,,,,,0,0,pending,unreviewed,,
InputChannelConfig,generator,Comment,comment,InputChannelConfig,string,scalar,-,,,,,,,,,,0,0,pending,unreviewed,,
InputChannelConfig,generator,BadRowsConfig,bad_rows_config,FileConfig,*BadRowsSpec,object,BadRowsSpec,,,,,,,,,,0,0,pending,unreviewed,,
InputChannelConfig,generator,BlankFieldMarkers,blank_field_markers,FileConfig,*BlankFieldMarkersSpec,object,BlankFieldMarkersSpec,,,,,,,,,,0,0,pending,unreviewed,,
InputChannelConfig,generator,Bucket,bucket,FileConfig,string,scalar,-,,,,,,,,,,0,0,pending,unreviewed,,
InputChannelConfig,generator,Compression,compression,FileConfig,string,scalar,-,,,,,,,,,,0,0,pending,unreviewed,,
InputChannelConfig,generator,Delimiter,delimiter,FileConfig,rune,scalar,-,,,,,,,,,,0,0,pending,unreviewed,,
InputChannelConfig,generator,DetectCrAsEol,detect_cr_as_eol,FileConfig,bool,scalar,-,,,,,,,,,,0,0,pending,unreviewed,,
InputChannelConfig,generator,DetectEncoding,detect_encoding,FileConfig,bool,scalar,-,,,,,,,,,,0,0,pending,unreviewed,,
InputChannelConfig,generator,DiscardFileHeaders,discard_file_headers,FileConfig,bool,scalar,-,,,,,,,,,,0,0,pending,unreviewed,,
InputChannelConfig,generator,DomainClass,domain_class,FileConfig,string,scalar,-,,,,,,,,,,0,0,pending,unreviewed,,
InputChannelConfig,generator,DomainKeys,domain_keys,FileConfig,map[string]any,map,-,,,,,,,,,,0,0,pending,unreviewed,,
InputChannelConfig,generator,DropExcedentHeaders,drop_excedent_headers,FileConfig,bool,scalar,-,,,,,,,,,,0,0,pending,unreviewed,,
InputChannelConfig,generator,Encoding,encoding,FileConfig,string,scalar,-,,,,,,,,,,0,0,pending,unreviewed,,
InputChannelConfig,generator,EnforceRowMaxLength,enforce_row_max_length,FileConfig,bool,scalar,-,,,,,,,,,,0,0,pending,unreviewed,,
InputChannelConfig,generator,EnforceRowMinLength,enforce_row_min_length,FileConfig,bool,scalar,-,,,,,,,,,,0,0,pending,unreviewed,,
InputChannelConfig,generator,EolByte,eol_byte,FileConfig,byte,scalar,-,,,,,,,,,,0,0,pending,unreviewed,,
InputChannelConfig,generator,FailOnEmptyColumnName,fail_on_empty_column_name,FileConfig,bool,scalar,-,,,,,,,,,,0,0,pending,unreviewed,,
InputChannelConfig,generator,FileKey,file_key,FileConfig,string,scalar,-,,,,,,,,,,0,0,pending,unreviewed,,
InputChannelConfig,generator,LookbackPeriods,lookback_periods,FileConfig,string,scalar,-,,,,,,,,,,0,0,pending,unreviewed,,
InputChannelConfig,generator,FileName,file_name,FileConfig,string,scalar,-,,,,,,,,,,0,0,pending,unreviewed,,
InputChannelConfig,generator,FixedWidthColumnsCsv,fixed_width_columns_csv,FileConfig,string,scalar,-,,,,,,,,,,0,0,pending,unreviewed,,
InputChannelConfig,generator,Format,format,FileConfig,string,scalar,-,,,,,,,,,,0,0,pending,unreviewed,,
InputChannelConfig,generator,InputFormatDataJson,input_format_data_json,FileConfig,string,scalar,-,,,,,,,,,,0,0,pending,unreviewed,,
InputChannelConfig,generator,IsPartFiles,is_part_files,FileConfig,bool,scalar,-,,,,,,,,,,0,0,pending,unreviewed,,
InputChannelConfig,generator,KeyPrefix,key_prefix,FileConfig,string,scalar,-,,,,,,,,,,0,0,pending,unreviewed,,
InputChannelConfig,generator,MainInputRowCount,main_input_row_count,FileConfig,int64,scalar,-,,,,,,,,,,0,0,pending,unreviewed,,
InputChannelConfig,generator,MultiColumnsInput,multi_columns_input,FileConfig,bool,scalar,-,,,,,,,,,,0,0,pending,unreviewed,,
InputChannelConfig,generator,NbrRowsInRecord,nbr_rows_in_record,FileConfig,int64,scalar,-,,,,,,,,,,0,0,pending,unreviewed,,
InputChannelConfig,generator,NoQuotes,no_quotes,FileConfig,bool,scalar,-,,,,,,,,,,0,0,pending,unreviewed,,
InputChannelConfig,generator,ParquetSchema,parquet_schema,FileConfig,*ParquetSchemaInfo,object,ParquetSchemaInfo,,,,,,,,,,0,0,pending,unreviewed,,
InputChannelConfig,generator,PutHeadersOnFirstPartition,put_headers_on_first_partition,FileConfig,bool,scalar,-,,,,,,,,,,0,0,pending,unreviewed,,
InputChannelConfig,generator,QuoteAllRecords,quote_all_records,FileConfig,bool,scalar,-,,,,,,,,,,0,0,pending,unreviewed,,
InputChannelConfig,generator,ReadBatchSize,read_batch_size,FileConfig,int64,scalar,-,,,,,,,,,,0,0,pending,unreviewed,,
InputChannelConfig,generator,ReadDateLayout,read_date_layout,FileConfig,string,scalar,-,,,,,,,,,,0,0,pending,unreviewed,,
InputChannelConfig,generator,ReorderColumnsOnRead,reorder_columns_on_read,FileConfig,[]int,array,-,,,,,,,,,,0,0,pending,unreviewed,,
InputChannelConfig,generator,TrimColumns,trim_columns,FileConfig,bool,scalar,-,,,,,,,,,,0,0,pending,unreviewed,,
InputChannelConfig,generator,UseLazyQuotes,use_lazy_quotes,FileConfig,bool,scalar,-,,,,,,,,,,0,0,pending,unreviewed,,
InputChannelConfig,generator,UseLazyQuotesSpecial,use_lazy_quotes_special,FileConfig,bool,scalar,-,,,,,,,,,,0,0,pending,unreviewed,,
InputChannelConfig,generator,VariableFieldsPerRecord,variable_fields_per_record,FileConfig,bool,scalar,-,,,,,,,,,,0,0,pending,unreviewed,,
InputChannelConfig,generator,WriteDateLayout,write_date_layout,FileConfig,string,scalar,-,,,,,,,,,,0,0,pending,unreviewed,,
InputChannelConfig,generator,OutputEncoding,output_encoding,FileConfig,string,scalar,-,,,,,,,,,,0,0,pending,unreviewed,,
InputChannelConfig,generator,OutputEncodingSameAsInput,output_encoding_same_as_input,FileConfig,bool,scalar,-,,,,,,,,,,0,0,pending,unreviewed,,
InputChannelConfig,generator,Type,type,InputChannelConfig,string,scalar,-,,,,,,,,,,1,1,pending,unreviewed,,
InputChannelConfig,generator,Name,name,InputChannelConfig,string,scalar,-,,,,,,,,,,1,1,pending,unreviewed,,
InputChannelConfig,generator,SchemaProvider,schema_provider,InputChannelConfig,string,scalar,-,,,,,,,,,,0,0,pending,unreviewed,,
InputChannelConfig,generator,ReadSessionId,read_session_id,InputChannelConfig,string,scalar,-,,,,,,,,,,0,0,pending,unreviewed,,
InputChannelConfig,generator,ReadStepId,read_step_id,InputChannelConfig,string,scalar,-,,,,,,,,,,0,0,pending,unreviewed,,
InputChannelConfig,generator,ReadPartitionId,read_partition_id,InputChannelConfig,string,scalar,-,,,,,,,,,,0,0,pending,unreviewed,,
InputChannelConfig,generator,SamplingRate,sampling_rate,InputChannelConfig,int,scalar,-,,,,,,,,,,0,0,pending,unreviewed,,
InputChannelConfig,generator,SamplingMaxCount,sampling_max_count,InputChannelConfig,int,scalar,-,,,,,,,,,,0,0,pending,unreviewed,,
InputChannelConfig,generator,HasGroupedRows,has_grouped_rows,InputChannelConfig,bool,scalar,-,,,,,,,,,,0,0,pending,unreviewed,,
InputChannelConfig,generator,MergeChannels,merge_channels,InputChannelConfig,[]InputChannelConfig,array,InputChannelConfig,,,,,,,,,,0,0,pending,unreviewed,,
InputChannelConfig,generator,NbrNodesAny,nbr_nodes,InputChannelConfig,any,any,-,,,,,,,,,,1,1,pending,unreviewed,,
InputChannelConfig,generator,NbrRowsAny,nbr_rows,InputChannelConfig,any,any,-,,,,,,,,,,1,1,pending,unreviewed,,
SplitterSpec,standard,Comment,comment,SplitterSpec,string,scalar,-,,,,,,,,,,0,0,pending,unreviewed,,
SplitterSpec,standard,Type,type,SplitterSpec,string,scalar,-,-,yes,no,-,standard,builder,builder,jets/compute_pipes/pipe_executor_splitter.go:100,no,0,0,pending,unreviewed,Which splitting strategy to use.,"Defaulted rather than required, so the discriminator is absent from most configs and an untagged splitter_config means standard."
SplitterSpec,standard,Column,column,SplitterSpec,string,scalar,-,-,yes,conditional,absent(default_splitter_value) and absent(shard_on),-,none,builder,jets/compute_pipes/pipe_executor_splitter.go:102,no,48,48,pending,unreviewed,The input column whose value names the partition.,-
SplitterSpec,standard,DefaultSplitterValue,default_splitter_value,SplitterSpec,string,scalar,-,-,yes,conditional,absent(column) and absent(shard_on),-,none,builder,jets/compute_pipes/pipe_executor_splitter.go:102,no,10,10,pending,unreviewed,"A fixed partition name, used when the records are not split on a column value.",-
SplitterSpec,standard,ShardOn,shard_on,SplitterSpec,*HashExpression,object,HashExpression,-,yes,conditional,absent(column) and absent(default_splitter_value),-,none,builder,jets/compute_pipes/pipe_executor_splitter.go:102,no,41,41,pending,unreviewed,Hash the record on the fly and partition on the hash.,-
SplitterSpec,standard,PartitionRowCount,partition_row_count,SplitterSpec,int,scalar,-,-,no,na,-,-,none,builder,jets/compute_pipes/pipe_executor_splitter.go:111,no,0,0,pending,unreviewed,Maximum number of rows in each extended partition.,Read only under ext_count; ignored here rather than rejected.
SplitterSpec,ext_count,Comment,comment,SplitterSpec,string,scalar,-,,,,,,,,,,,,pending,unreviewed,,
SplitterSpec,ext_count,Type,type,SplitterSpec,string,scalar,-,-,yes,no,-,standard,builder,builder,jets/compute_pipes/pipe_executor_splitter.go:100,no,0,0,pending,unreviewed,Which splitting strategy to use.,"Defaulted rather than required, so the discriminator is absent from most configs and an untagged splitter_config means standard."
SplitterSpec,ext_count,Column,column,SplitterSpec,string,scalar,-,-,yes,conditional,absent(default_splitter_value) and absent(shard_on),-,none,builder,jets/compute_pipes/pipe_executor_splitter.go:102,no,0,0,pending,unreviewed,The input column whose value names the partition.,-
SplitterSpec,ext_count,DefaultSplitterValue,default_splitter_value,SplitterSpec,string,scalar,-,-,yes,conditional,absent(column) and absent(shard_on),-,none,builder,jets/compute_pipes/pipe_executor_splitter.go:102,no,0,0,pending,unreviewed,"A fixed partition name, used when the records are not split on a column value.",-
SplitterSpec,ext_count,ShardOn,shard_on,SplitterSpec,*HashExpression,object,HashExpression,-,yes,conditional,absent(column) and absent(default_splitter_value),-,none,builder,jets/compute_pipes/pipe_executor_splitter.go:102,no,0,0,pending,unreviewed,Hash the record on the fly and partition on the hash.,-
SplitterSpec,ext_count,PartitionRowCount,partition_row_count,SplitterSpec,int,scalar,-,-,yes,yes,-,-,none,builder,jets/compute_pipes/pipe_executor_splitter.go:111,no,0,0,pending,unreviewed,Maximum number of rows in each extended partition.,"Zero is rejected, so there is no usable default."
HashExpression,*,Comment,comment,HashExpression,string,scalar,-,,,,,,,,,,0,0,pending,unreviewed,,
HashExpression,*,Expr,expr,HashExpression,string,scalar,-,,,,,,,,,,32,32,pending,unreviewed,,
HashExpression,*,CompositeExpr,composite_expr,HashExpression,[]string,array,-,,,,,,,,,,3,3,pending,unreviewed,,
HashExpression,*,DomainKey,domain_key,HashExpression,string,scalar,-,,,,,,,,,,34,34,pending,unreviewed,,
HashExpression,*,NbrJetsPartitionsAny,nbr_jets_partitions,HashExpression,any,any,-,,,,,,,,,,2,2,pending,unreviewed,,
HashExpression,*,MaxNbrJetsPartitionsAny,max_nbr_jets_partitions,HashExpression,any,any,-,,,,,,,,,,17,17,pending,unreviewed,,
HashExpression,*,MultiStepShardingMode,multi_step_sharding_mode,HashExpression,string,scalar,-,,,,,,,,,,0,0,pending,unreviewed,,
HashExpression,*,AlternateCompositeExpr,alternate_composite_expr,HashExpression,[]string,array,-,,,,,,,,,,1,1,pending,unreviewed,,
HashExpression,*,NoPartitions,no_partitions,HashExpression,bool,scalar,-,,,,,,,,,,0,0,pending,unreviewed,,
HashExpression,*,ComputeDomainKey,compute_domain_key,HashExpression,bool,scalar,-,,,,,,,,,,10,10,pending,unreviewed,,
MergeFileSpec,*,Comment,comment,MergeFileSpec,string,scalar,-,,,,,,,,,,0,0,pending,unreviewed,,
MergeFileSpec,*,FirstPartitionHasHeaders,first_partition_has_headers,MergeFileSpec,bool,scalar,-,,,,,,,,,,3,3,pending,unreviewed,,
TransformationSpec,ollama,Comment,comment,TransformationSpec,string,scalar,-,,,,,,,,,,0,0,pending,unreviewed,,
TransformationSpec,ollama,Type,type,TransformationSpec,string,scalar,-,-,yes,yes,-,-,none,comment,jets/compute_pipes/pipes_model.go:611,no,1,1,pending,unreviewed,"The operator. Range: map_record, aggregate, analyze, high_freq, partition_writer, anonymize, distinct, shuffling, group_by, filter, sort, merge, jetrules, clustering, ollama.",-
TransformationSpec,ollama,NewRecord,new_record,TransformationSpec,bool,scalar,-,-,no,na,-,-,none,builder,jets/compute_pipes/pipe_transformation_ollama.go:762,no,0,0,pending,unreviewed,Whether the operator emits a new record rather than augmenting the input one.,"The builder forces it to false - this operator augments the record in place. A config that sets it is silently overridden, which is why the row is applicable=no rather than a default."
TransformationSpec,ollama,Columns,columns,TransformationSpec,[]TransformationColumnSpec,array,TransformationColumnSpec,-,no,na,-,-,none,corpus,-,no,0,0,pending,unreviewed,Column transformations; the ollama operator maps through output_mapping instead.,"The builder reads only spec.OllamaConfig, and the corpus has no occurrence. An argument from the absence of a read has no line to cite, which is exactly why it is weaker than a validator rejection - review."
TransformationSpec,ollama,MapRecordConfig,map_record_config,TransformationSpec,*MapRecordSpec,object,MapRecordSpec,,,,,,,,,,0,0,pending,unreviewed,,
TransformationSpec,ollama,AnalyzeConfig,analyze_config,TransformationSpec,*AnalyzeSpec,object,AnalyzeSpec,,,,,,,,,,0,0,pending,unreviewed,,
TransformationSpec,ollama,HighFreqColumns,high_freq_columns,TransformationSpec,[]*HighFreqSpec,array,HighFreqSpec,,,,,,,,,,0,0,pending,unreviewed,,
TransformationSpec,ollama,PartitionWriterConfig,partition_writer_config,TransformationSpec,*PartitionWriterSpec,object,PartitionWriterSpec,,,,,,,,,,0,0,pending,unreviewed,,
TransformationSpec,ollama,AnonymizeConfig,anonymize_config,TransformationSpec,*AnonymizeSpec,object,AnonymizeSpec,,,,,,,,,,0,0,pending,unreviewed,,
TransformationSpec,ollama,DistinctConfig,distinct_config,TransformationSpec,*DistinctSpec,object,DistinctSpec,,,,,,,,,,0,0,pending,unreviewed,,
TransformationSpec,ollama,ShufflingConfig,shuffling_config,TransformationSpec,*ShufflingSpec,object,ShufflingSpec,,,,,,,,,,0,0,pending,unreviewed,,
TransformationSpec,ollama,GroupByConfig,group_by_config,TransformationSpec,*GroupBySpec,object,GroupBySpec,,,,,,,,,,0,0,pending,unreviewed,,
TransformationSpec,ollama,FilterConfig,filter_config,TransformationSpec,*FilterSpec,object,FilterSpec,,,,,,,,,,0,0,pending,unreviewed,,
TransformationSpec,ollama,SortConfig,sort_config,TransformationSpec,*SortSpec,object,SortSpec,,,,,,,,,,0,0,pending,unreviewed,,
TransformationSpec,ollama,JetrulesConfig,jetrules_config,TransformationSpec,*JetrulesSpec,object,JetrulesSpec,,,,,,,,,,0,0,pending,unreviewed,,
TransformationSpec,ollama,OllamaConfig,ollama_config,TransformationSpec,*OllamaSpec,object,OllamaSpec,-,yes,yes,-,-,none,validator,jets/compute_pipes/actions_start_common.go:994,no,1,1,pending,unreviewed,Configuration of the ollama operator.,-
TransformationSpec,ollama,ClusteringConfig,clustering_config,TransformationSpec,*ClusteringSpec,object,ClusteringSpec,,,,,,,,,,0,0,pending,unreviewed,,
TransformationSpec,ollama,MergeConfig,merge_config,TransformationSpec,*MergeSpec,object,MergeSpec,,,,,,,,,,0,0,pending,unreviewed,,
TransformationSpec,ollama,OutputChannel,output_channel,TransformationSpec,OutputChannelConfig,object,OutputChannelConfig,-,yes,yes,-,-,none,corpus,-,no,1,1,pending,unreviewed,The channel the operator writes to.,"validateOutputChConfig returns nil for an absent channel (jets/compute_pipes/actions_start_common.go:1444), so the requirement is not config-level; the builders enforce it. Cited here as corpus evidence until the builder read lands."
TransformationSpec,ollama,ConditionalConfig,conditional_config,TransformationSpec,[]*ConditionalTransformationSpec,array,ConditionalTransformationSpec,,,,,,,,,,0,0,pending,unreviewed,,
TransformationSpec,ollama,When,when,TransformationSpec,*ExpressionNode,object,ExpressionNode,-,yes,no,-,-,none,comment,jets/compute_pipes/pipes_model.go:630,no,0,0,pending,unreviewed,Guard: the transformation is applied only when this evaluates true.,-
TransformationSpec,partition_writer,Comment,comment,TransformationSpec,string,scalar,-,,,,,,,,,,1,1,pending,unreviewed,,
TransformationSpec,partition_writer,Type,type,TransformationSpec,string,scalar,-,-,yes,yes,-,-,none,comment,jets/compute_pipes/pipes_model.go:611,no,143,137,pending,unreviewed,"The operator. Range: map_record, aggregate, analyze, high_freq, partition_writer, anonymize, distinct, shuffling, group_by, filter, sort, merge, jetrules, clustering, ollama.",-
TransformationSpec,partition_writer,NewRecord,new_record,TransformationSpec,bool,scalar,-,,,,,,,,,,9,9,pending,unreviewed,,
TransformationSpec,partition_writer,Columns,columns,TransformationSpec,[]TransformationColumnSpec,array,TransformationColumnSpec,-,yes,no,-,-,none,corpus,-,no,27,27,pending,unreviewed,Column transformations applied before the write.,34/181.
TransformationSpec,partition_writer,MapRecordConfig,map_record_config,TransformationSpec,*MapRecordSpec,object,MapRecordSpec,,,,,,,,,,0,0,pending,unreviewed,,
TransformationSpec,partition_writer,AnalyzeConfig,analyze_config,TransformationSpec,*AnalyzeSpec,object,AnalyzeSpec,,,,,,,,,,0,0,pending,unreviewed,,
TransformationSpec,partition_writer,HighFreqColumns,high_freq_columns,TransformationSpec,[]*HighFreqSpec,array,HighFreqSpec,,,,,,,,,,0,0,pending,unreviewed,,
TransformationSpec,partition_writer,PartitionWriterConfig,partition_writer_config,TransformationSpec,*PartitionWriterSpec,object,PartitionWriterSpec,-,yes,yes,-,-,none,validator,jets/compute_pipes/actions_start_common.go:908,no,143,137,pending,unreviewed,Configuration of the partition writer.,"Was recorded as disputed while the corpus included workspaces/*/data/. It does not: the validator rejects a partition_writer without this field on every execution, so a config lacking it cannot be in service. 144/145 live; the exception is workspaces/cedargate_ws/pipes_config/hf_medicalclaim_extract.pc.json, which carries the retired flat shape (partition_size, device_writer_type, write_headers on the transformation) and would fail validation today."
TransformationSpec,partition_writer,AnonymizeConfig,anonymize_config,TransformationSpec,*AnonymizeSpec,object,AnonymizeSpec,,,,,,,,,,0,0,pending,unreviewed,,
TransformationSpec,partition_writer,DistinctConfig,distinct_config,TransformationSpec,*DistinctSpec,object,DistinctSpec,,,,,,,,,,0,0,pending,unreviewed,,
TransformationSpec,partition_writer,ShufflingConfig,shuffling_config,TransformationSpec,*ShufflingSpec,object,ShufflingSpec,,,,,,,,,,0,0,pending,unreviewed,,
TransformationSpec,partition_writer,GroupByConfig,group_by_config,TransformationSpec,*GroupBySpec,object,GroupBySpec,,,,,,,,,,0,0,pending,unreviewed,,
TransformationSpec,partition_writer,FilterConfig,filter_config,TransformationSpec,*FilterSpec,object,FilterSpec,,,,,,,,,,0,0,pending,unreviewed,,
TransformationSpec,partition_writer,SortConfig,sort_config,TransformationSpec,*SortSpec,object,SortSpec,,,,,,,,,,0,0,pending,unreviewed,,
TransformationSpec,partition_writer,JetrulesConfig,jetrules_config,TransformationSpec,*JetrulesSpec,object,JetrulesSpec,,,,,,,,,,0,0,pending,unreviewed,,
TransformationSpec,partition_writer,OllamaConfig,ollama_config,TransformationSpec,*OllamaSpec,object,OllamaSpec,,,,,,,,,,0,0,pending,unreviewed,,
TransformationSpec,partition_writer,ClusteringConfig,clustering_config,TransformationSpec,*ClusteringSpec,object,ClusteringSpec,,,,,,,,,,0,0,pending,unreviewed,,
TransformationSpec,partition_writer,MergeConfig,merge_config,TransformationSpec,*MergeSpec,object,MergeSpec,,,,,,,,,,0,0,pending,unreviewed,,
TransformationSpec,partition_writer,OutputChannel,output_channel,TransformationSpec,OutputChannelConfig,object,OutputChannelConfig,-,yes,yes,-,-,none,corpus,-,no,143,137,pending,unreviewed,The channel the operator writes to.,"validateOutputChConfig returns nil for an absent channel (jets/compute_pipes/actions_start_common.go:1444), so the requirement is not config-level; the builders enforce it. Cited here as corpus evidence until the builder read lands."
TransformationSpec,partition_writer,ConditionalConfig,conditional_config,TransformationSpec,[]*ConditionalTransformationSpec,array,ConditionalTransformationSpec,,,,,,,,,,3,3,pending,unreviewed,,
TransformationSpec,partition_writer,When,when,TransformationSpec,*ExpressionNode,object,ExpressionNode,-,yes,no,-,-,none,comment,jets/compute_pipes/pipes_model.go:630,no,1,1,pending,unreviewed,Guard: the transformation is applied only when this evaluates true.,-
TransformationSpec,map_record,Comment,comment,TransformationSpec,string,scalar,-,,,,,,,,,,0,0,pending,unreviewed,,
TransformationSpec,map_record,Type,type,TransformationSpec,string,scalar,-,-,yes,yes,-,-,none,comment,jets/compute_pipes/pipes_model.go:611,no,242,241,pending,unreviewed,"The operator. Range: map_record, aggregate, analyze, high_freq, partition_writer, anonymize, distinct, shuffling, group_by, filter, sort, merge, jetrules, clustering, ollama.",-
TransformationSpec,map_record,NewRecord,new_record,TransformationSpec,bool,scalar,-,-,yes,no,-,-,none,corpus,-,no,170,169,pending,unreviewed,Emit a new record rather than augmenting the input one.,302/387.
TransformationSpec,map_record,Columns,columns,TransformationSpec,[]TransformationColumnSpec,array,TransformationColumnSpec,-,yes,no,-,-,none,corpus,-,no,207,206,pending,unreviewed,The column transformations. The operator's payload.,352/387; the remainder map through map_record_config.file_mapping_table_name.
TransformationSpec,map_record,MapRecordConfig,map_record_config,TransformationSpec,*MapRecordSpec,object,MapRecordSpec,-,yes,no,-,-,none,corpus,-,no,13,12,pending,unreviewed,"Optional file_mapping table driving the mapping, with its error channel.",13/387 - the operator works from columns when absent.
TransformationSpec,map_record,AnalyzeConfig,analyze_config,TransformationSpec,*AnalyzeSpec,object,AnalyzeSpec,,,,,,,,,,0,0,pending,unreviewed,,
TransformationSpec,map_record,HighFreqColumns,high_freq_columns,TransformationSpec,[]*HighFreqSpec,array,HighFreqSpec,,,,,,,,,,0,0,pending,unreviewed,,
TransformationSpec,map_record,PartitionWriterConfig,partition_writer_config,TransformationSpec,*PartitionWriterSpec,object,PartitionWriterSpec,,,,,,,,,,0,0,pending,unreviewed,,
TransformationSpec,map_record,AnonymizeConfig,anonymize_config,TransformationSpec,*AnonymizeSpec,object,AnonymizeSpec,,,,,,,,,,0,0,pending,unreviewed,,
TransformationSpec,map_record,DistinctConfig,distinct_config,TransformationSpec,*DistinctSpec,object,DistinctSpec,,,,,,,,,,0,0,pending,unreviewed,,
TransformationSpec,map_record,ShufflingConfig,shuffling_config,TransformationSpec,*ShufflingSpec,object,ShufflingSpec,,,,,,,,,,0,0,pending,unreviewed,,
TransformationSpec,map_record,GroupByConfig,group_by_config,TransformationSpec,*GroupBySpec,object,GroupBySpec,,,,,,,,,,0,0,pending,unreviewed,,
TransformationSpec,map_record,FilterConfig,filter_config,TransformationSpec,*FilterSpec,object,FilterSpec,,,,,,,,,,0,0,pending,unreviewed,,
TransformationSpec,map_record,SortConfig,sort_config,TransformationSpec,*SortSpec,object,SortSpec,,,,,,,,,,0,0,pending,unreviewed,,
TransformationSpec,map_record,JetrulesConfig,jetrules_config,TransformationSpec,*JetrulesSpec,object,JetrulesSpec,,,,,,,,,,0,0,pending,unreviewed,,
TransformationSpec,map_record,OllamaConfig,ollama_config,TransformationSpec,*OllamaSpec,object,OllamaSpec,,,,,,,,,,0,0,pending,unreviewed,,
TransformationSpec,map_record,ClusteringConfig,clustering_config,TransformationSpec,*ClusteringSpec,object,ClusteringSpec,,,,,,,,,,0,0,pending,unreviewed,,
TransformationSpec,map_record,MergeConfig,merge_config,TransformationSpec,*MergeSpec,object,MergeSpec,,,,,,,,,,0,0,pending,unreviewed,,
TransformationSpec,map_record,OutputChannel,output_channel,TransformationSpec,OutputChannelConfig,object,OutputChannelConfig,-,yes,yes,-,-,none,corpus,-,no,242,241,pending,unreviewed,The channel the operator writes to.,"validateOutputChConfig returns nil for an absent channel (jets/compute_pipes/actions_start_common.go:1444), so the requirement is not config-level; the builders enforce it. Cited here as corpus evidence until the builder read lands."
TransformationSpec,map_record,ConditionalConfig,conditional_config,TransformationSpec,[]*ConditionalTransformationSpec,array,ConditionalTransformationSpec,,,,,,,,,,0,0,pending,unreviewed,,
TransformationSpec,map_record,When,when,TransformationSpec,*ExpressionNode,object,ExpressionNode,-,yes,no,-,-,none,comment,jets/compute_pipes/pipes_model.go:630,no,12,12,pending,unreviewed,Guard: the transformation is applied only when this evaluates true.,-
TransformationSpec,aggregate,Comment,comment,TransformationSpec,string,scalar,-,,,,,,,,,,0,0,pending,unreviewed,,
TransformationSpec,aggregate,Type,type,TransformationSpec,string,scalar,-,,,,,,,,,,20,20,pending,unreviewed,,
TransformationSpec,aggregate,NewRecord,new_record,TransformationSpec,bool,scalar,-,,,,,,,,,,20,20,pending,unreviewed,,
TransformationSpec,aggregate,Columns,columns,TransformationSpec,[]TransformationColumnSpec,array,TransformationColumnSpec,,,,,,,,,,20,20,pending,unreviewed,,
TransformationSpec,aggregate,MapRecordConfig,map_record_config,TransformationSpec,*MapRecordSpec,object,MapRecordSpec,,,,,,,,,,0,0,pending,unreviewed,,
TransformationSpec,aggregate,AnalyzeConfig,analyze_config,TransformationSpec,*AnalyzeSpec,object,AnalyzeSpec,,,,,,,,,,0,0,pending,unreviewed,,
TransformationSpec,aggregate,HighFreqColumns,high_freq_columns,TransformationSpec,[]*HighFreqSpec,array,HighFreqSpec,,,,,,,,,,0,0,pending,unreviewed,,
TransformationSpec,aggregate,PartitionWriterConfig,partition_writer_config,TransformationSpec,*PartitionWriterSpec,object,PartitionWriterSpec,,,,,,,,,,0,0,pending,unreviewed,,
TransformationSpec,aggregate,AnonymizeConfig,anonymize_config,TransformationSpec,*AnonymizeSpec,object,AnonymizeSpec,,,,,,,,,,0,0,pending,unreviewed,,
TransformationSpec,aggregate,DistinctConfig,distinct_config,TransformationSpec,*DistinctSpec,object,DistinctSpec,,,,,,,,,,0,0,pending,unreviewed,,
TransformationSpec,aggregate,ShufflingConfig,shuffling_config,TransformationSpec,*ShufflingSpec,object,ShufflingSpec,,,,,,,,,,0,0,pending,unreviewed,,
TransformationSpec,aggregate,GroupByConfig,group_by_config,TransformationSpec,*GroupBySpec,object,GroupBySpec,,,,,,,,,,0,0,pending,unreviewed,,
TransformationSpec,aggregate,FilterConfig,filter_config,TransformationSpec,*FilterSpec,object,FilterSpec,,,,,,,,,,0,0,pending,unreviewed,,
TransformationSpec,aggregate,SortConfig,sort_config,TransformationSpec,*SortSpec,object,SortSpec,,,,,,,,,,0,0,pending,unreviewed,,
TransformationSpec,aggregate,JetrulesConfig,jetrules_config,TransformationSpec,*JetrulesSpec,object,JetrulesSpec,,,,,,,,,,0,0,pending,unreviewed,,
TransformationSpec,aggregate,OllamaConfig,ollama_config,TransformationSpec,*OllamaSpec,object,OllamaSpec,,,,,,,,,,0,0,pending,unreviewed,,
TransformationSpec,aggregate,ClusteringConfig,clustering_config,TransformationSpec,*ClusteringSpec,object,ClusteringSpec,,,,,,,,,,0,0,pending,unreviewed,,
TransformationSpec,aggregate,MergeConfig,merge_config,TransformationSpec,*MergeSpec,object,MergeSpec,,,,,,,,,,0,0,pending,unreviewed,,
TransformationSpec,aggregate,OutputChannel,output_channel,TransformationSpec,OutputChannelConfig,object,OutputChannelConfig,,,,,,,,,,20,20,pending,unreviewed,,
TransformationSpec,aggregate,ConditionalConfig,conditional_config,TransformationSpec,[]*ConditionalTransformationSpec,array,ConditionalTransformationSpec,,,,,,,,,,0,0,pending,unreviewed,,
TransformationSpec,aggregate,When,when,TransformationSpec,*ExpressionNode,object,ExpressionNode,,,,,,,,,,0,0,pending,unreviewed,,
TransformationSpec,analyze,Comment,comment,TransformationSpec,string,scalar,-,,,,,,,,,,0,0,pending,unreviewed,,
TransformationSpec,analyze,Type,type,TransformationSpec,string,scalar,-,,,,,,,,,,4,4,pending,unreviewed,,
TransformationSpec,analyze,NewRecord,new_record,TransformationSpec,bool,scalar,-,,,,,,,,,,4,4,pending,unreviewed,,
TransformationSpec,analyze,Columns,columns,TransformationSpec,[]TransformationColumnSpec,array,TransformationColumnSpec,,,,,,,,,,4,4,pending,unreviewed,,
TransformationSpec,analyze,MapRecordConfig,map_record_config,TransformationSpec,*MapRecordSpec,object,MapRecordSpec,,,,,,,,,,0,0,pending,unreviewed,,
TransformationSpec,analyze,AnalyzeConfig,analyze_config,TransformationSpec,*AnalyzeSpec,object,AnalyzeSpec,,,,,,,,,,4,4,pending,unreviewed,,
TransformationSpec,analyze,HighFreqColumns,high_freq_columns,TransformationSpec,[]*HighFreqSpec,array,HighFreqSpec,,,,,,,,,,0,0,pending,unreviewed,,
TransformationSpec,analyze,PartitionWriterConfig,partition_writer_config,TransformationSpec,*PartitionWriterSpec,object,PartitionWriterSpec,,,,,,,,,,0,0,pending,unreviewed,,
TransformationSpec,analyze,AnonymizeConfig,anonymize_config,TransformationSpec,*AnonymizeSpec,object,AnonymizeSpec,,,,,,,,,,0,0,pending,unreviewed,,
TransformationSpec,analyze,DistinctConfig,distinct_config,TransformationSpec,*DistinctSpec,object,DistinctSpec,,,,,,,,,,0,0,pending,unreviewed,,
TransformationSpec,analyze,ShufflingConfig,shuffling_config,TransformationSpec,*ShufflingSpec,object,ShufflingSpec,,,,,,,,,,0,0,pending,unreviewed,,
TransformationSpec,analyze,GroupByConfig,group_by_config,TransformationSpec,*GroupBySpec,object,GroupBySpec,,,,,,,,,,0,0,pending,unreviewed,,
TransformationSpec,analyze,FilterConfig,filter_config,TransformationSpec,*FilterSpec,object,FilterSpec,,,,,,,,,,0,0,pending,unreviewed,,
TransformationSpec,analyze,SortConfig,sort_config,TransformationSpec,*SortSpec,object,SortSpec,,,,,,,,,,0,0,pending,unreviewed,,
TransformationSpec,analyze,JetrulesConfig,jetrules_config,TransformationSpec,*JetrulesSpec,object,JetrulesSpec,,,,,,,,,,0,0,pending,unreviewed,,
TransformationSpec,analyze,OllamaConfig,ollama_config,TransformationSpec,*OllamaSpec,object,OllamaSpec,,,,,,,,,,0,0,pending,unreviewed,,
TransformationSpec,analyze,ClusteringConfig,clustering_config,TransformationSpec,*ClusteringSpec,object,ClusteringSpec,,,,,,,,,,0,0,pending,unreviewed,,
TransformationSpec,analyze,MergeConfig,merge_config,TransformationSpec,*MergeSpec,object,MergeSpec,,,,,,,,,,0,0,pending,unreviewed,,
TransformationSpec,analyze,OutputChannel,output_channel,TransformationSpec,OutputChannelConfig,object,OutputChannelConfig,,,,,,,,,,4,4,pending,unreviewed,,
TransformationSpec,analyze,ConditionalConfig,conditional_config,TransformationSpec,[]*ConditionalTransformationSpec,array,ConditionalTransformationSpec,,,,,,,,,,0,0,pending,unreviewed,,
TransformationSpec,analyze,When,when,TransformationSpec,*ExpressionNode,object,ExpressionNode,,,,,,,,,,0,0,pending,unreviewed,,
TransformationSpec,high_freq,Comment,comment,TransformationSpec,string,scalar,-,,,,,,,,,,0,0,pending,unreviewed,,
TransformationSpec,high_freq,Type,type,TransformationSpec,string,scalar,-,,,,,,,,,,1,1,pending,unreviewed,,
TransformationSpec,high_freq,NewRecord,new_record,TransformationSpec,bool,scalar,-,,,,,,,,,,1,1,pending,unreviewed,,
TransformationSpec,high_freq,Columns,columns,TransformationSpec,[]TransformationColumnSpec,array,TransformationColumnSpec,,,,,,,,,,1,1,pending,unreviewed,,
TransformationSpec,high_freq,MapRecordConfig,map_record_config,TransformationSpec,*MapRecordSpec,object,MapRecordSpec,,,,,,,,,,0,0,pending,unreviewed,,
TransformationSpec,high_freq,AnalyzeConfig,analyze_config,TransformationSpec,*AnalyzeSpec,object,AnalyzeSpec,,,,,,,,,,0,0,pending,unreviewed,,
TransformationSpec,high_freq,HighFreqColumns,high_freq_columns,TransformationSpec,[]*HighFreqSpec,array,HighFreqSpec,,,,,,,,,,1,1,pending,unreviewed,,
TransformationSpec,high_freq,PartitionWriterConfig,partition_writer_config,TransformationSpec,*PartitionWriterSpec,object,PartitionWriterSpec,,,,,,,,,,0,0,pending,unreviewed,,
TransformationSpec,high_freq,AnonymizeConfig,anonymize_config,TransformationSpec,*AnonymizeSpec,object,AnonymizeSpec,,,,,,,,,,0,0,pending,unreviewed,,
TransformationSpec,high_freq,DistinctConfig,distinct_config,TransformationSpec,*DistinctSpec,object,DistinctSpec,,,,,,,,,,0,0,pending,unreviewed,,
TransformationSpec,high_freq,ShufflingConfig,shuffling_config,TransformationSpec,*ShufflingSpec,object,ShufflingSpec,,,,,,,,,,0,0,pending,unreviewed,,
TransformationSpec,high_freq,GroupByConfig,group_by_config,TransformationSpec,*GroupBySpec,object,GroupBySpec,,,,,,,,,,0,0,pending,unreviewed,,
TransformationSpec,high_freq,FilterConfig,filter_config,TransformationSpec,*FilterSpec,object,FilterSpec,,,,,,,,,,0,0,pending,unreviewed,,
TransformationSpec,high_freq,SortConfig,sort_config,TransformationSpec,*SortSpec,object,SortSpec,,,,,,,,,,0,0,pending,unreviewed,,
TransformationSpec,high_freq,JetrulesConfig,jetrules_config,TransformationSpec,*JetrulesSpec,object,JetrulesSpec,,,,,,,,,,0,0,pending,unreviewed,,
TransformationSpec,high_freq,OllamaConfig,ollama_config,TransformationSpec,*OllamaSpec,object,OllamaSpec,,,,,,,,,,0,0,pending,unreviewed,,
TransformationSpec,high_freq,ClusteringConfig,clustering_config,TransformationSpec,*ClusteringSpec,object,ClusteringSpec,,,,,,,,,,0,0,pending,unreviewed,,
TransformationSpec,high_freq,MergeConfig,merge_config,TransformationSpec,*MergeSpec,object,MergeSpec,,,,,,,,,,0,0,pending,unreviewed,,
TransformationSpec,high_freq,OutputChannel,output_channel,TransformationSpec,OutputChannelConfig,object,OutputChannelConfig,,,,,,,,,,1,1,pending,unreviewed,,
TransformationSpec,high_freq,ConditionalConfig,conditional_config,TransformationSpec,[]*ConditionalTransformationSpec,array,ConditionalTransformationSpec,,,,,,,,,,0,0,pending,unreviewed,,
TransformationSpec,high_freq,When,when,TransformationSpec,*ExpressionNode,object,ExpressionNode,,,,,,,,,,0,0,pending,unreviewed,,
TransformationSpec,anonymize,Comment,comment,TransformationSpec,string,scalar,-,,,,,,,,,,0,0,pending,unreviewed,,
TransformationSpec,anonymize,Type,type,TransformationSpec,string,scalar,-,,,,,,,,,,2,2,pending,unreviewed,,
TransformationSpec,anonymize,NewRecord,new_record,TransformationSpec,bool,scalar,-,,,,,,,,,,0,0,pending,unreviewed,,
TransformationSpec,anonymize,Columns,columns,TransformationSpec,[]TransformationColumnSpec,array,TransformationColumnSpec,,,,,,,,,,0,0,pending,unreviewed,,
TransformationSpec,anonymize,MapRecordConfig,map_record_config,TransformationSpec,*MapRecordSpec,object,MapRecordSpec,,,,,,,,,,0,0,pending,unreviewed,,
TransformationSpec,anonymize,AnalyzeConfig,analyze_config,TransformationSpec,*AnalyzeSpec,object,AnalyzeSpec,,,,,,,,,,0,0,pending,unreviewed,,
TransformationSpec,anonymize,HighFreqColumns,high_freq_columns,TransformationSpec,[]*HighFreqSpec,array,HighFreqSpec,,,,,,,,,,0,0,pending,unreviewed,,
TransformationSpec,anonymize,PartitionWriterConfig,partition_writer_config,TransformationSpec,*PartitionWriterSpec,object,PartitionWriterSpec,,,,,,,,,,0,0,pending,unreviewed,,
TransformationSpec,anonymize,AnonymizeConfig,anonymize_config,TransformationSpec,*AnonymizeSpec,object,AnonymizeSpec,,,,,,,,,,2,2,pending,unreviewed,,
TransformationSpec,anonymize,DistinctConfig,distinct_config,TransformationSpec,*DistinctSpec,object,DistinctSpec,,,,,,,,,,0,0,pending,unreviewed,,
TransformationSpec,anonymize,ShufflingConfig,shuffling_config,TransformationSpec,*ShufflingSpec,object,ShufflingSpec,,,,,,,,,,0,0,pending,unreviewed,,
TransformationSpec,anonymize,GroupByConfig,group_by_config,TransformationSpec,*GroupBySpec,object,GroupBySpec,,,,,,,,,,0,0,pending,unreviewed,,
TransformationSpec,anonymize,FilterConfig,filter_config,TransformationSpec,*FilterSpec,object,FilterSpec,,,,,,,,,,0,0,pending,unreviewed,,
TransformationSpec,anonymize,SortConfig,sort_config,TransformationSpec,*SortSpec,object,SortSpec,,,,,,,,,,0,0,pending,unreviewed,,
TransformationSpec,anonymize,JetrulesConfig,jetrules_config,TransformationSpec,*JetrulesSpec,object,JetrulesSpec,,,,,,,,,,0,0,pending,unreviewed,,
TransformationSpec,anonymize,OllamaConfig,ollama_config,TransformationSpec,*OllamaSpec,object,OllamaSpec,,,,,,,,,,0,0,pending,unreviewed,,
TransformationSpec,anonymize,ClusteringConfig,clustering_config,TransformationSpec,*ClusteringSpec,object,ClusteringSpec,,,,,,,,,,0,0,pending,unreviewed,,
TransformationSpec,anonymize,MergeConfig,merge_config,TransformationSpec,*MergeSpec,object,MergeSpec,,,,,,,,,,0,0,pending,unreviewed,,
TransformationSpec,anonymize,OutputChannel,output_channel,TransformationSpec,OutputChannelConfig,object,OutputChannelConfig,,,,,,,,,,2,2,pending,unreviewed,,
TransformationSpec,anonymize,ConditionalConfig,conditional_config,TransformationSpec,[]*ConditionalTransformationSpec,array,ConditionalTransformationSpec,,,,,,,,,,0,0,pending,unreviewed,,
TransformationSpec,anonymize,When,when,TransformationSpec,*ExpressionNode,object,ExpressionNode,,,,,,,,,,0,0,pending,unreviewed,,
TransformationSpec,distinct,Comment,comment,TransformationSpec,string,scalar,-,,,,,,,,,,0,0,pending,unreviewed,,
TransformationSpec,distinct,Type,type,TransformationSpec,string,scalar,-,,,,,,,,,,2,2,pending,unreviewed,,
TransformationSpec,distinct,NewRecord,new_record,TransformationSpec,bool,scalar,-,,,,,,,,,,0,0,pending,unreviewed,,
TransformationSpec,distinct,Columns,columns,TransformationSpec,[]TransformationColumnSpec,array,TransformationColumnSpec,,,,,,,,,,0,0,pending,unreviewed,,
TransformationSpec,distinct,MapRecordConfig,map_record_config,TransformationSpec,*MapRecordSpec,object,MapRecordSpec,,,,,,,,,,0,0,pending,unreviewed,,
TransformationSpec,distinct,AnalyzeConfig,analyze_config,TransformationSpec,*AnalyzeSpec,object,AnalyzeSpec,,,,,,,,,,0,0,pending,unreviewed,,
TransformationSpec,distinct,HighFreqColumns,high_freq_columns,TransformationSpec,[]*HighFreqSpec,array,HighFreqSpec,,,,,,,,,,0,0,pending,unreviewed,,
TransformationSpec,distinct,PartitionWriterConfig,partition_writer_config,TransformationSpec,*PartitionWriterSpec,object,PartitionWriterSpec,,,,,,,,,,0,0,pending,unreviewed,,
TransformationSpec,distinct,AnonymizeConfig,anonymize_config,TransformationSpec,*AnonymizeSpec,object,AnonymizeSpec,,,,,,,,,,0,0,pending,unreviewed,,
TransformationSpec,distinct,DistinctConfig,distinct_config,TransformationSpec,*DistinctSpec,object,DistinctSpec,,,,,,,,,,2,2,pending,unreviewed,,
TransformationSpec,distinct,ShufflingConfig,shuffling_config,TransformationSpec,*ShufflingSpec,object,ShufflingSpec,,,,,,,,,,0,0,pending,unreviewed,,
TransformationSpec,distinct,GroupByConfig,group_by_config,TransformationSpec,*GroupBySpec,object,GroupBySpec,,,,,,,,,,0,0,pending,unreviewed,,
TransformationSpec,distinct,FilterConfig,filter_config,TransformationSpec,*FilterSpec,object,FilterSpec,,,,,,,,,,0,0,pending,unreviewed,,
TransformationSpec,distinct,SortConfig,sort_config,TransformationSpec,*SortSpec,object,SortSpec,,,,,,,,,,0,0,pending,unreviewed,,
TransformationSpec,distinct,JetrulesConfig,jetrules_config,TransformationSpec,*JetrulesSpec,object,JetrulesSpec,,,,,,,,,,0,0,pending,unreviewed,,
TransformationSpec,distinct,OllamaConfig,ollama_config,TransformationSpec,*OllamaSpec,object,OllamaSpec,,,,,,,,,,0,0,pending,unreviewed,,
TransformationSpec,distinct,ClusteringConfig,clustering_config,TransformationSpec,*ClusteringSpec,object,ClusteringSpec,,,,,,,,,,0,0,pending,unreviewed,,
TransformationSpec,distinct,MergeConfig,merge_config,TransformationSpec,*MergeSpec,object,MergeSpec,,,,,,,,,,0,0,pending,unreviewed,,
TransformationSpec,distinct,OutputChannel,output_channel,TransformationSpec,OutputChannelConfig,object,OutputChannelConfig,,,,,,,,,,2,2,pending,unreviewed,,
TransformationSpec,distinct,ConditionalConfig,conditional_config,TransformationSpec,[]*ConditionalTransformationSpec,array,ConditionalTransformationSpec,,,,,,,,,,0,0,pending,unreviewed,,
TransformationSpec,distinct,When,when,TransformationSpec,*ExpressionNode,object,ExpressionNode,,,,,,,,,,0,0,pending,unreviewed,,
TransformationSpec,shuffling,Comment,comment,TransformationSpec,string,scalar,-,,,,,,,,,,0,0,pending,unreviewed,,
TransformationSpec,shuffling,Type,type,TransformationSpec,string,scalar,-,,,,,,,,,,2,2,pending,unreviewed,,
TransformationSpec,shuffling,NewRecord,new_record,TransformationSpec,bool,scalar,-,,,,,,,,,,0,0,pending,unreviewed,,
TransformationSpec,shuffling,Columns,columns,TransformationSpec,[]TransformationColumnSpec,array,TransformationColumnSpec,,,,,,,,,,0,0,pending,unreviewed,,
TransformationSpec,shuffling,MapRecordConfig,map_record_config,TransformationSpec,*MapRecordSpec,object,MapRecordSpec,,,,,,,,,,0,0,pending,unreviewed,,
TransformationSpec,shuffling,AnalyzeConfig,analyze_config,TransformationSpec,*AnalyzeSpec,object,AnalyzeSpec,,,,,,,,,,0,0,pending,unreviewed,,
TransformationSpec,shuffling,HighFreqColumns,high_freq_columns,TransformationSpec,[]*HighFreqSpec,array,HighFreqSpec,,,,,,,,,,0,0,pending,unreviewed,,
TransformationSpec,shuffling,PartitionWriterConfig,partition_writer_config,TransformationSpec,*PartitionWriterSpec,object,PartitionWriterSpec,,,,,,,,,,0,0,pending,unreviewed,,
TransformationSpec,shuffling,AnonymizeConfig,anonymize_config,TransformationSpec,*AnonymizeSpec,object,AnonymizeSpec,,,,,,,,,,0,0,pending,unreviewed,,
TransformationSpec,shuffling,DistinctConfig,distinct_config,TransformationSpec,*DistinctSpec,object,DistinctSpec,,,,,,,,,,0,0,pending,unreviewed,,
TransformationSpec,shuffling,ShufflingConfig,shuffling_config,TransformationSpec,*ShufflingSpec,object,ShufflingSpec,,,,,,,,,,2,2,pending,unreviewed,,
TransformationSpec,shuffling,GroupByConfig,group_by_config,TransformationSpec,*GroupBySpec,object,GroupBySpec,,,,,,,,,,0,0,pending,unreviewed,,
TransformationSpec,shuffling,FilterConfig,filter_config,TransformationSpec,*FilterSpec,object,FilterSpec,,,,,,,,,,0,0,pending,unreviewed,,
TransformationSpec,shuffling,SortConfig,sort_config,TransformationSpec,*SortSpec,object,SortSpec,,,,,,,,,,0,0,pending,unreviewed,,
TransformationSpec,shuffling,JetrulesConfig,jetrules_config,TransformationSpec,*JetrulesSpec,object,JetrulesSpec,,,,,,,,,,0,0,pending,unreviewed,,
TransformationSpec,shuffling,OllamaConfig,ollama_config,TransformationSpec,*OllamaSpec,object,OllamaSpec,,,,,,,,,,0,0,pending,unreviewed,,
TransformationSpec,shuffling,ClusteringConfig,clustering_config,TransformationSpec,*ClusteringSpec,object,ClusteringSpec,,,,,,,,,,0,0,pending,unreviewed,,
TransformationSpec,shuffling,MergeConfig,merge_config,TransformationSpec,*MergeSpec,object,MergeSpec,,,,,,,,,,0,0,pending,unreviewed,,
TransformationSpec,shuffling,OutputChannel,output_channel,TransformationSpec,OutputChannelConfig,object,OutputChannelConfig,,,,,,,,,,2,2,pending,unreviewed,,
TransformationSpec,shuffling,ConditionalConfig,conditional_config,TransformationSpec,[]*ConditionalTransformationSpec,array,ConditionalTransformationSpec,,,,,,,,,,0,0,pending,unreviewed,,
TransformationSpec,shuffling,When,when,TransformationSpec,*ExpressionNode,object,ExpressionNode,,,,,,,,,,0,0,pending,unreviewed,,
TransformationSpec,group_by,Comment,comment,TransformationSpec,string,scalar,-,,,,,,,,,,0,0,pending,unreviewed,,
TransformationSpec,group_by,Type,type,TransformationSpec,string,scalar,-,,,,,,,,,,4,3,pending,unreviewed,,
TransformationSpec,group_by,NewRecord,new_record,TransformationSpec,bool,scalar,-,,,,,,,,,,0,0,pending,unreviewed,,
TransformationSpec,group_by,Columns,columns,TransformationSpec,[]TransformationColumnSpec,array,TransformationColumnSpec,,,,,,,,,,0,0,pending,unreviewed,,
TransformationSpec,group_by,MapRecordConfig,map_record_config,TransformationSpec,*MapRecordSpec,object,MapRecordSpec,,,,,,,,,,0,0,pending,unreviewed,,
TransformationSpec,group_by,AnalyzeConfig,analyze_config,TransformationSpec,*AnalyzeSpec,object,AnalyzeSpec,,,,,,,,,,0,0,pending,unreviewed,,
TransformationSpec,group_by,HighFreqColumns,high_freq_columns,TransformationSpec,[]*HighFreqSpec,array,HighFreqSpec,,,,,,,,,,0,0,pending,unreviewed,,
TransformationSpec,group_by,PartitionWriterConfig,partition_writer_config,TransformationSpec,*PartitionWriterSpec,object,PartitionWriterSpec,,,,,,,,,,0,0,pending,unreviewed,,
TransformationSpec,group_by,AnonymizeConfig,anonymize_config,TransformationSpec,*AnonymizeSpec,object,AnonymizeSpec,,,,,,,,,,0,0,pending,unreviewed,,
TransformationSpec,group_by,DistinctConfig,distinct_config,TransformationSpec,*DistinctSpec,object,DistinctSpec,,,,,,,,,,0,0,pending,unreviewed,,
TransformationSpec,group_by,ShufflingConfig,shuffling_config,TransformationSpec,*ShufflingSpec,object,ShufflingSpec,,,,,,,,,,0,0,pending,unreviewed,,
TransformationSpec,group_by,GroupByConfig,group_by_config,TransformationSpec,*GroupBySpec,object,GroupBySpec,,,,,,,,,,4,3,pending,unreviewed,,
TransformationSpec,group_by,FilterConfig,filter_config,TransformationSpec,*FilterSpec,object,FilterSpec,,,,,,,,,,0,0,pending,unreviewed,,
TransformationSpec,group_by,SortConfig,sort_config,TransformationSpec,*SortSpec,object,SortSpec,,,,,,,,,,0,0,pending,unreviewed,,
TransformationSpec,group_by,JetrulesConfig,jetrules_config,TransformationSpec,*JetrulesSpec,object,JetrulesSpec,,,,,,,,,,0,0,pending,unreviewed,,
TransformationSpec,group_by,OllamaConfig,ollama_config,TransformationSpec,*OllamaSpec,object,OllamaSpec,,,,,,,,,,0,0,pending,unreviewed,,
TransformationSpec,group_by,ClusteringConfig,clustering_config,TransformationSpec,*ClusteringSpec,object,ClusteringSpec,,,,,,,,,,0,0,pending,unreviewed,,
TransformationSpec,group_by,MergeConfig,merge_config,TransformationSpec,*MergeSpec,object,MergeSpec,,,,,,,,,,0,0,pending,unreviewed,,
TransformationSpec,group_by,OutputChannel,output_channel,TransformationSpec,OutputChannelConfig,object,OutputChannelConfig,,,,,,,,,,4,3,pending,unreviewed,,
TransformationSpec,group_by,ConditionalConfig,conditional_config,TransformationSpec,[]*ConditionalTransformationSpec,array,ConditionalTransformationSpec,,,,,,,,,,0,0,pending,unreviewed,,
TransformationSpec,group_by,When,when,TransformationSpec,*ExpressionNode,object,ExpressionNode,,,,,,,,,,0,0,pending,unreviewed,,
TransformationSpec,filter,Comment,comment,TransformationSpec,string,scalar,-,,,,,,,,,,3,3,pending,unreviewed,,
TransformationSpec,filter,Type,type,TransformationSpec,string,scalar,-,,,,,,,,,,4,4,pending,unreviewed,,
TransformationSpec,filter,NewRecord,new_record,TransformationSpec,bool,scalar,-,,,,,,,,,,0,0,pending,unreviewed,,
TransformationSpec,filter,Columns,columns,TransformationSpec,[]TransformationColumnSpec,array,TransformationColumnSpec,,,,,,,,,,0,0,pending,unreviewed,,
TransformationSpec,filter,MapRecordConfig,map_record_config,TransformationSpec,*MapRecordSpec,object,MapRecordSpec,,,,,,,,,,0,0,pending,unreviewed,,
TransformationSpec,filter,AnalyzeConfig,analyze_config,TransformationSpec,*AnalyzeSpec,object,AnalyzeSpec,,,,,,,,,,0,0,pending,unreviewed,,
TransformationSpec,filter,HighFreqColumns,high_freq_columns,TransformationSpec,[]*HighFreqSpec,array,HighFreqSpec,,,,,,,,,,0,0,pending,unreviewed,,
TransformationSpec,filter,PartitionWriterConfig,partition_writer_config,TransformationSpec,*PartitionWriterSpec,object,PartitionWriterSpec,,,,,,,,,,0,0,pending,unreviewed,,
TransformationSpec,filter,AnonymizeConfig,anonymize_config,TransformationSpec,*AnonymizeSpec,object,AnonymizeSpec,,,,,,,,,,0,0,pending,unreviewed,,
TransformationSpec,filter,DistinctConfig,distinct_config,TransformationSpec,*DistinctSpec,object,DistinctSpec,,,,,,,,,,0,0,pending,unreviewed,,
TransformationSpec,filter,ShufflingConfig,shuffling_config,TransformationSpec,*ShufflingSpec,object,ShufflingSpec,,,,,,,,,,0,0,pending,unreviewed,,
TransformationSpec,filter,GroupByConfig,group_by_config,TransformationSpec,*GroupBySpec,object,GroupBySpec,,,,,,,,,,0,0,pending,unreviewed,,
TransformationSpec,filter,FilterConfig,filter_config,TransformationSpec,*FilterSpec,object,FilterSpec,,,,,,,,,,3,3,pending,unreviewed,,
TransformationSpec,filter,SortConfig,sort_config,TransformationSpec,*SortSpec,object,SortSpec,,,,,,,,,,0,0,pending,unreviewed,,
TransformationSpec,filter,JetrulesConfig,jetrules_config,TransformationSpec,*JetrulesSpec,object,JetrulesSpec,,,,,,,,,,0,0,pending,unreviewed,,
TransformationSpec,filter,OllamaConfig,ollama_config,TransformationSpec,*OllamaSpec,object,OllamaSpec,,,,,,,,,,0,0,pending,unreviewed,,
TransformationSpec,filter,ClusteringConfig,clustering_config,TransformationSpec,*ClusteringSpec,object,ClusteringSpec,,,,,,,,,,0,0,pending,unreviewed,,
TransformationSpec,filter,MergeConfig,merge_config,TransformationSpec,*MergeSpec,object,MergeSpec,,,,,,,,,,0,0,pending,unreviewed,,
TransformationSpec,filter,OutputChannel,output_channel,TransformationSpec,OutputChannelConfig,object,OutputChannelConfig,,,,,,,,,,4,4,pending,unreviewed,,
TransformationSpec,filter,ConditionalConfig,conditional_config,TransformationSpec,[]*ConditionalTransformationSpec,array,ConditionalTransformationSpec,,,,,,,,,,1,1,pending,unreviewed,,
TransformationSpec,filter,When,when,TransformationSpec,*ExpressionNode,object,ExpressionNode,,,,,,,,,,0,0,pending,unreviewed,,
TransformationSpec,sort,Comment,comment,TransformationSpec,string,scalar,-,,,,,,,,,,0,0,pending,unreviewed,,
TransformationSpec,sort,Type,type,TransformationSpec,string,scalar,-,,,,,,,,,,20,19,pending,unreviewed,,
TransformationSpec,sort,NewRecord,new_record,TransformationSpec,bool,scalar,-,,,,,,,,,,0,0,pending,unreviewed,,
TransformationSpec,sort,Columns,columns,TransformationSpec,[]TransformationColumnSpec,array,TransformationColumnSpec,,,,,,,,,,0,0,pending,unreviewed,,
TransformationSpec,sort,MapRecordConfig,map_record_config,TransformationSpec,*MapRecordSpec,object,MapRecordSpec,,,,,,,,,,0,0,pending,unreviewed,,
TransformationSpec,sort,AnalyzeConfig,analyze_config,TransformationSpec,*AnalyzeSpec,object,AnalyzeSpec,,,,,,,,,,0,0,pending,unreviewed,,
TransformationSpec,sort,HighFreqColumns,high_freq_columns,TransformationSpec,[]*HighFreqSpec,array,HighFreqSpec,,,,,,,,,,0,0,pending,unreviewed,,
TransformationSpec,sort,PartitionWriterConfig,partition_writer_config,TransformationSpec,*PartitionWriterSpec,object,PartitionWriterSpec,,,,,,,,,,0,0,pending,unreviewed,,
TransformationSpec,sort,AnonymizeConfig,anonymize_config,TransformationSpec,*AnonymizeSpec,object,AnonymizeSpec,,,,,,,,,,0,0,pending,unreviewed,,
TransformationSpec,sort,DistinctConfig,distinct_config,TransformationSpec,*DistinctSpec,object,DistinctSpec,,,,,,,,,,0,0,pending,unreviewed,,
TransformationSpec,sort,ShufflingConfig,shuffling_config,TransformationSpec,*ShufflingSpec,object,ShufflingSpec,,,,,,,,,,0,0,pending,unreviewed,,
TransformationSpec,sort,GroupByConfig,group_by_config,TransformationSpec,*GroupBySpec,object,GroupBySpec,,,,,,,,,,0,0,pending,unreviewed,,
TransformationSpec,sort,FilterConfig,filter_config,TransformationSpec,*FilterSpec,object,FilterSpec,,,,,,,,,,0,0,pending,unreviewed,,
TransformationSpec,sort,SortConfig,sort_config,TransformationSpec,*SortSpec,object,SortSpec,,,,,,,,,,20,19,pending,unreviewed,,
TransformationSpec,sort,JetrulesConfig,jetrules_config,TransformationSpec,*JetrulesSpec,object,JetrulesSpec,,,,,,,,,,0,0,pending,unreviewed,,
TransformationSpec,sort,OllamaConfig,ollama_config,TransformationSpec,*OllamaSpec,object,OllamaSpec,,,,,,,,,,0,0,pending,unreviewed,,
TransformationSpec,sort,ClusteringConfig,clustering_config,TransformationSpec,*ClusteringSpec,object,ClusteringSpec,,,,,,,,,,0,0,pending,unreviewed,,
TransformationSpec,sort,MergeConfig,merge_config,TransformationSpec,*MergeSpec,object,MergeSpec,,,,,,,,,,0,0,pending,unreviewed,,
TransformationSpec,sort,OutputChannel,output_channel,TransformationSpec,OutputChannelConfig,object,OutputChannelConfig,,,,,,,,,,20,19,pending,unreviewed,,
TransformationSpec,sort,ConditionalConfig,conditional_config,TransformationSpec,[]*ConditionalTransformationSpec,array,ConditionalTransformationSpec,,,,,,,,,,0,0,pending,unreviewed,,
TransformationSpec,sort,When,when,TransformationSpec,*ExpressionNode,object,ExpressionNode,,,,,,,,,,0,0,pending,unreviewed,,
TransformationSpec,merge,Comment,comment,TransformationSpec,string,scalar,-,,,,,,,,,,0,0,pending,unreviewed,,
TransformationSpec,merge,Type,type,TransformationSpec,string,scalar,-,,,,,,,,,,8,7,pending,unreviewed,,
TransformationSpec,merge,NewRecord,new_record,TransformationSpec,bool,scalar,-,,,,,,,,,,0,0,pending,unreviewed,,
TransformationSpec,merge,Columns,columns,TransformationSpec,[]TransformationColumnSpec,array,TransformationColumnSpec,,,,,,,,,,0,0,pending,unreviewed,,
TransformationSpec,merge,MapRecordConfig,map_record_config,TransformationSpec,*MapRecordSpec,object,MapRecordSpec,,,,,,,,,,0,0,pending,unreviewed,,
TransformationSpec,merge,AnalyzeConfig,analyze_config,TransformationSpec,*AnalyzeSpec,object,AnalyzeSpec,,,,,,,,,,0,0,pending,unreviewed,,
TransformationSpec,merge,HighFreqColumns,high_freq_columns,TransformationSpec,[]*HighFreqSpec,array,HighFreqSpec,,,,,,,,,,0,0,pending,unreviewed,,
TransformationSpec,merge,PartitionWriterConfig,partition_writer_config,TransformationSpec,*PartitionWriterSpec,object,PartitionWriterSpec,,,,,,,,,,0,0,pending,unreviewed,,
TransformationSpec,merge,AnonymizeConfig,anonymize_config,TransformationSpec,*AnonymizeSpec,object,AnonymizeSpec,,,,,,,,,,0,0,pending,unreviewed,,
TransformationSpec,merge,DistinctConfig,distinct_config,TransformationSpec,*DistinctSpec,object,DistinctSpec,,,,,,,,,,0,0,pending,unreviewed,,
TransformationSpec,merge,ShufflingConfig,shuffling_config,TransformationSpec,*ShufflingSpec,object,ShufflingSpec,,,,,,,,,,0,0,pending,unreviewed,,
TransformationSpec,merge,GroupByConfig,group_by_config,TransformationSpec,*GroupBySpec,object,GroupBySpec,,,,,,,,,,0,0,pending,unreviewed,,
TransformationSpec,merge,FilterConfig,filter_config,TransformationSpec,*FilterSpec,object,FilterSpec,,,,,,,,,,0,0,pending,unreviewed,,
TransformationSpec,merge,SortConfig,sort_config,TransformationSpec,*SortSpec,object,SortSpec,,,,,,,,,,0,0,pending,unreviewed,,
TransformationSpec,merge,JetrulesConfig,jetrules_config,TransformationSpec,*JetrulesSpec,object,JetrulesSpec,,,,,,,,,,0,0,pending,unreviewed,,
TransformationSpec,merge,OllamaConfig,ollama_config,TransformationSpec,*OllamaSpec,object,OllamaSpec,,,,,,,,,,0,0,pending,unreviewed,,
TransformationSpec,merge,ClusteringConfig,clustering_config,TransformationSpec,*ClusteringSpec,object,ClusteringSpec,,,,,,,,,,0,0,pending,unreviewed,,
TransformationSpec,merge,MergeConfig,merge_config,TransformationSpec,*MergeSpec,object,MergeSpec,,,,,,,,,,8,7,pending,unreviewed,,
TransformationSpec,merge,OutputChannel,output_channel,TransformationSpec,OutputChannelConfig,object,OutputChannelConfig,,,,,,,,,,8,7,pending,unreviewed,,
TransformationSpec,merge,ConditionalConfig,conditional_config,TransformationSpec,[]*ConditionalTransformationSpec,array,ConditionalTransformationSpec,,,,,,,,,,0,0,pending,unreviewed,,
TransformationSpec,merge,When,when,TransformationSpec,*ExpressionNode,object,ExpressionNode,,,,,,,,,,0,0,pending,unreviewed,,
TransformationSpec,jetrules,Comment,comment,TransformationSpec,string,scalar,-,,,,,,,,,,0,0,pending,unreviewed,,
TransformationSpec,jetrules,Type,type,TransformationSpec,string,scalar,-,,,,,,,,,,14,12,pending,unreviewed,,
TransformationSpec,jetrules,NewRecord,new_record,TransformationSpec,bool,scalar,-,,,,,,,,,,14,12,pending,unreviewed,,
TransformationSpec,jetrules,Columns,columns,TransformationSpec,[]TransformationColumnSpec,array,TransformationColumnSpec,,,,,,,,,,14,12,pending,unreviewed,,
TransformationSpec,jetrules,MapRecordConfig,map_record_config,TransformationSpec,*MapRecordSpec,object,MapRecordSpec,,,,,,,,,,0,0,pending,unreviewed,,
TransformationSpec,jetrules,AnalyzeConfig,analyze_config,TransformationSpec,*AnalyzeSpec,object,AnalyzeSpec,,,,,,,,,,0,0,pending,unreviewed,,
TransformationSpec,jetrules,HighFreqColumns,high_freq_columns,TransformationSpec,[]*HighFreqSpec,array,HighFreqSpec,,,,,,,,,,0,0,pending,unreviewed,,
TransformationSpec,jetrules,PartitionWriterConfig,partition_writer_config,TransformationSpec,*PartitionWriterSpec,object,PartitionWriterSpec,,,,,,,,,,0,0,pending,unreviewed,,
TransformationSpec,jetrules,AnonymizeConfig,anonymize_config,TransformationSpec,*AnonymizeSpec,object,AnonymizeSpec,,,,,,,,,,0,0,pending,unreviewed,,
TransformationSpec,jetrules,DistinctConfig,distinct_config,TransformationSpec,*DistinctSpec,object,DistinctSpec,,,,,,,,,,0,0,pending,unreviewed,,
TransformationSpec,jetrules,ShufflingConfig,shuffling_config,TransformationSpec,*ShufflingSpec,object,ShufflingSpec,,,,,,,,,,0,0,pending,unreviewed,,
TransformationSpec,jetrules,GroupByConfig,group_by_config,TransformationSpec,*GroupBySpec,object,GroupBySpec,,,,,,,,,,0,0,pending,unreviewed,,
TransformationSpec,jetrules,FilterConfig,filter_config,TransformationSpec,*FilterSpec,object,FilterSpec,,,,,,,,,,0,0,pending,unreviewed,,
TransformationSpec,jetrules,SortConfig,sort_config,TransformationSpec,*SortSpec,object,SortSpec,,,,,,,,,,0,0,pending,unreviewed,,
TransformationSpec,jetrules,JetrulesConfig,jetrules_config,TransformationSpec,*JetrulesSpec,object,JetrulesSpec,,,,,,,,,,14,12,pending,unreviewed,,
TransformationSpec,jetrules,OllamaConfig,ollama_config,TransformationSpec,*OllamaSpec,object,OllamaSpec,,,,,,,,,,0,0,pending,unreviewed,,
TransformationSpec,jetrules,ClusteringConfig,clustering_config,TransformationSpec,*ClusteringSpec,object,ClusteringSpec,,,,,,,,,,0,0,pending,unreviewed,,
TransformationSpec,jetrules,MergeConfig,merge_config,TransformationSpec,*MergeSpec,object,MergeSpec,,,,,,,,,,0,0,pending,unreviewed,,
TransformationSpec,jetrules,OutputChannel,output_channel,TransformationSpec,OutputChannelConfig,object,OutputChannelConfig,,,,,,,,,,0,0,pending,unreviewed,,
TransformationSpec,jetrules,ConditionalConfig,conditional_config,TransformationSpec,[]*ConditionalTransformationSpec,array,ConditionalTransformationSpec,,,,,,,,,,0,0,pending,unreviewed,,
TransformationSpec,jetrules,When,when,TransformationSpec,*ExpressionNode,object,ExpressionNode,,,,,,,,,,0,0,pending,unreviewed,,
TransformationSpec,clustering,Comment,comment,TransformationSpec,string,scalar,-,,,,,,,,,,0,0,pending,unreviewed,,
TransformationSpec,clustering,Type,type,TransformationSpec,string,scalar,-,,,,,,,,,,1,1,pending,unreviewed,,
TransformationSpec,clustering,NewRecord,new_record,TransformationSpec,bool,scalar,-,,,,,,,,,,1,1,pending,unreviewed,,
TransformationSpec,clustering,Columns,columns,TransformationSpec,[]TransformationColumnSpec,array,TransformationColumnSpec,,,,,,,,,,0,0,pending,unreviewed,,
TransformationSpec,clustering,MapRecordConfig,map_record_config,TransformationSpec,*MapRecordSpec,object,MapRecordSpec,,,,,,,,,,0,0,pending,unreviewed,,
TransformationSpec,clustering,AnalyzeConfig,analyze_config,TransformationSpec,*AnalyzeSpec,object,AnalyzeSpec,,,,,,,,,,0,0,pending,unreviewed,,
TransformationSpec,clustering,HighFreqColumns,high_freq_columns,TransformationSpec,[]*HighFreqSpec,array,HighFreqSpec,,,,,,,,,,0,0,pending,unreviewed,,
TransformationSpec,clustering,PartitionWriterConfig,partition_writer_config,TransformationSpec,*PartitionWriterSpec,object,PartitionWriterSpec,,,,,,,,,,0,0,pending,unreviewed,,
TransformationSpec,clustering,AnonymizeConfig,anonymize_config,TransformationSpec,*AnonymizeSpec,object,AnonymizeSpec,,,,,,,,,,0,0,pending,unreviewed,,
TransformationSpec,clustering,DistinctConfig,distinct_config,TransformationSpec,*DistinctSpec,object,DistinctSpec,,,,,,,,,,0,0,pending,unreviewed,,
TransformationSpec,clustering,ShufflingConfig,shuffling_config,TransformationSpec,*ShufflingSpec,object,ShufflingSpec,,,,,,,,,,0,0,pending,unreviewed,,
TransformationSpec,clustering,GroupByConfig,group_by_config,TransformationSpec,*GroupBySpec,object,GroupBySpec,,,,,,,,,,0,0,pending,unreviewed,,
TransformationSpec,clustering,FilterConfig,filter_config,TransformationSpec,*FilterSpec,object,FilterSpec,,,,,,,,,,0,0,pending,unreviewed,,
TransformationSpec,clustering,SortConfig,sort_config,TransformationSpec,*SortSpec,object,SortSpec,,,,,,,,,,0,0,pending,unreviewed,,
TransformationSpec,clustering,JetrulesConfig,jetrules_config,TransformationSpec,*JetrulesSpec,object,JetrulesSpec,,,,,,,,,,0,0,pending,unreviewed,,
TransformationSpec,clustering,OllamaConfig,ollama_config,TransformationSpec,*OllamaSpec,object,OllamaSpec,,,,,,,,,,0,0,pending,unreviewed,,
TransformationSpec,clustering,ClusteringConfig,clustering_config,TransformationSpec,*ClusteringSpec,object,ClusteringSpec,,,,,,,,,,1,1,pending,unreviewed,,
TransformationSpec,clustering,MergeConfig,merge_config,TransformationSpec,*MergeSpec,object,MergeSpec,,,,,,,,,,0,0,pending,unreviewed,,
TransformationSpec,clustering,OutputChannel,output_channel,TransformationSpec,OutputChannelConfig,object,OutputChannelConfig,,,,,,,,,,1,1,pending,unreviewed,,
TransformationSpec,clustering,ConditionalConfig,conditional_config,TransformationSpec,[]*ConditionalTransformationSpec,array,ConditionalTransformationSpec,,,,,,,,,,0,0,pending,unreviewed,,
TransformationSpec,clustering,When,when,TransformationSpec,*ExpressionNode,object,ExpressionNode,,,,,,,,,,0,0,pending,unreviewed,,
TransformationSpec,~override,Comment,comment,TransformationSpec,string,scalar,-,,,,,,,,,,0,0,pending,unreviewed,,
TransformationSpec,~override,Type,type,TransformationSpec,string,scalar,-,,,,,,,,,,0,0,pending,unreviewed,,
TransformationSpec,~override,NewRecord,new_record,TransformationSpec,bool,scalar,-,,,,,,,,,,0,0,pending,unreviewed,,
TransformationSpec,~override,Columns,columns,TransformationSpec,[]TransformationColumnSpec,array,TransformationColumnSpec,,,,,,,,,,0,0,pending,unreviewed,,
TransformationSpec,~override,MapRecordConfig,map_record_config,TransformationSpec,*MapRecordSpec,object,MapRecordSpec,,,,,,,,,,0,0,pending,unreviewed,,
TransformationSpec,~override,AnalyzeConfig,analyze_config,TransformationSpec,*AnalyzeSpec,object,AnalyzeSpec,,,,,,,,,,0,0,pending,unreviewed,,
TransformationSpec,~override,HighFreqColumns,high_freq_columns,TransformationSpec,[]*HighFreqSpec,array,HighFreqSpec,,,,,,,,,,0,0,pending,unreviewed,,
TransformationSpec,~override,PartitionWriterConfig,partition_writer_config,TransformationSpec,*PartitionWriterSpec,object,PartitionWriterSpec,,,,,,,,,,5,5,pending,unreviewed,,
TransformationSpec,~override,AnonymizeConfig,anonymize_config,TransformationSpec,*AnonymizeSpec,object,AnonymizeSpec,,,,,,,,,,0,0,pending,unreviewed,,
TransformationSpec,~override,DistinctConfig,distinct_config,TransformationSpec,*DistinctSpec,object,DistinctSpec,,,,,,,,,,0,0,pending,unreviewed,,
TransformationSpec,~override,ShufflingConfig,shuffling_config,TransformationSpec,*ShufflingSpec,object,ShufflingSpec,,,,,,,,,,0,0,pending,unreviewed,,
TransformationSpec,~override,GroupByConfig,group_by_config,TransformationSpec,*GroupBySpec,object,GroupBySpec,,,,,,,,,,0,0,pending,unreviewed,,
TransformationSpec,~override,FilterConfig,filter_config,TransformationSpec,*FilterSpec,object,FilterSpec,,,,,,,,,,1,1,pending,unreviewed,,
TransformationSpec,~override,SortConfig,sort_config,TransformationSpec,*SortSpec,object,SortSpec,,,,,,,,,,0,0,pending,unreviewed,,
TransformationSpec,~override,JetrulesConfig,jetrules_config,TransformationSpec,*JetrulesSpec,object,JetrulesSpec,,,,,,,,,,0,0,pending,unreviewed,,
TransformationSpec,~override,OllamaConfig,ollama_config,TransformationSpec,*OllamaSpec,object,OllamaSpec,,,,,,,,,,0,0,pending,unreviewed,,
TransformationSpec,~override,ClusteringConfig,clustering_config,TransformationSpec,*ClusteringSpec,object,ClusteringSpec,,,,,,,,,,0,0,pending,unreviewed,,
TransformationSpec,~override,MergeConfig,merge_config,TransformationSpec,*MergeSpec,object,MergeSpec,,,,,,,,,,0,0,pending,unreviewed,,
TransformationSpec,~override,OutputChannel,output_channel,TransformationSpec,OutputChannelConfig,object,OutputChannelConfig,,,,,,,,,,2,2,pending,unreviewed,,
TransformationSpec,~override,ConditionalConfig,conditional_config,TransformationSpec,[]*ConditionalTransformationSpec,array,ConditionalTransformationSpec,,,,,,,,,,0,0,pending,unreviewed,,
TransformationSpec,~override,When,when,TransformationSpec,*ExpressionNode,object,ExpressionNode,,,,,,,,,,0,0,pending,unreviewed,,
OllamaSpec,*,Comment,comment,OllamaSpec,string,scalar,-,,,,,,,,,,0,0,pending,unreviewed,,
OllamaSpec,*,Model,model,OllamaSpec,string,scalar,-,-,yes,yes,-,-,none,builder,jets/compute_pipes/pipe_transformation_ollama.go:765,no,1,1,pending,unreviewed,"The model tag to use, eg llama3.1:8b.",-
OllamaSpec,*,Api,api,OllamaSpec,string,scalar,-,generate|chat,yes,no,-,generate,builder,builder,jets/compute_pipes/pipe_transformation_ollama.go:900,no,0,0,pending,unreviewed,The ollama api to call.,-
OllamaSpec,*,PromptTemplate,prompt_template,OllamaSpec,string,scalar,-,-,yes,no,-,-,none,builder,jets/compute_pipes/pipe_transformation_ollama.go:964,no,1,1,pending,unreviewed,"The prompt template, inline.",Exactly one of prompt_template and prompt_template_name - see the one_of constraint.
OllamaSpec,*,PromptTemplateName,prompt_template_name,OllamaSpec,string,scalar,-,-,yes,no,-,-,none,builder,jets/compute_pipes/pipe_transformation_ollama.go:965,no,0,0,pending,unreviewed,Key of a prompt_templates entry of the document.,-
OllamaSpec,*,SystemPrompt,system_prompt,OllamaSpec,string,scalar,-,-,yes,no,-,-,none,builder,jets/compute_pipes/pipe_transformation_ollama.go:979,no,1,1,pending,unreviewed,The system message.,"When prompt_template_name is used and this is empty, the named template's system_prompt is adopted. A fallback rather than a literal default, so the default column stays '-'."
OllamaSpec,*,ResponseFormat,response_format,OllamaSpec,json.RawMessage,raw_json,-,-,yes,no,-,-,none,comment,jets/compute_pipes/pipes_model.go:1184,no,0,0,pending,unreviewed,"Passed to ollama as format: the string ""json"" or a json schema.",Same fallback from the named template as system_prompt (jets/compute_pipes/pipe_transformation_ollama.go:982). One of the untyped fields of plan 5.2.3.
OllamaSpec,*,Options,options,OllamaSpec,map[string]any,map,-,-,yes,no,-,-,none,comment,jets/compute_pipes/pipes_model.go:1185,no,0,0,pending,unreviewed,"Passed to ollama as options, eg temperature, num_ctx, seed, num_predict.",Open map: the schema cannot constrain it beyond object.
OllamaSpec,*,KeepAlive,keep_alive,OllamaSpec,string,scalar,-,-,yes,no,-,30m,builder,builder,jets/compute_pipes/pipe_transformation_ollama.go:906,no,0,0,pending,unreviewed,How long the model stays resident between calls.,Constant at jets/compute_pipes/pipe_transformation_ollama.go:44.
OllamaSpec,*,Think,think,OllamaSpec,*bool,scalar,-,-,yes,no,-,-,none,comment,jets/compute_pipes/pipes_model.go:1188,no,1,1,pending,unreviewed,"Passed to ollama as think, for reasoning models.",-
OllamaSpec,*,Server,server,OllamaSpec,*OllamaServerSpec,object,OllamaServerSpec,-,yes,no,-,-,none,comment,jets/compute_pipes/pipes_model.go:1189,no,0,0,pending,unreviewed,How to reach the infer server.,"Absent means $JETS_INFER_URL from the cpipes env, then the JETS_INFER_URL environment variable."
OllamaSpec,*,OutputMapping,output_mapping,OllamaSpec,[]OllamaMappingSpec,array,OllamaMappingSpec,-,yes,yes,-,-,none,builder,jets/compute_pipes/pipe_transformation_ollama.go:407,no,1,1,pending,unreviewed,How the response maps onto the record's columns.,At least one entry: without one the operator would have no effect.
OllamaSpec,*,DisableStripCodeFences,disable_strip_code_fences,OllamaSpec,bool,scalar,-,-,yes,no,-,-,none,comment,jets/compute_pipes/pipes_model.go:1191,no,0,0,pending,unreviewed,Turn off the removal of markdown code fences around the response.,-
OllamaSpec,*,PoolSize,pool_size,OllamaSpec,int,scalar,-,-,yes,no,-,1,validator,validator,jets/compute_pipes/actions_start_common.go:997,no,1,1,pending,unreviewed,Concurrent requests to the infer server.,"Applied twice: by the config validator and again by applyOllamaDefaults (jets/compute_pipes/pipe_transformation_ollama.go:909). The validator runs first, so a config-level harness sees 1 rather than the absent value. With pool_size > 1 record order is not preserved."
OllamaSpec,*,RequestTimeoutSec,request_timeout_sec,OllamaSpec,int,scalar,-,-,yes,no,-,120,builder,builder,jets/compute_pipes/pipe_transformation_ollama.go:913,no,0,0,pending,unreviewed,Timeout of a single request attempt.,-
OllamaSpec,*,ConnectTimeoutSec,connect_timeout_sec,OllamaSpec,int,scalar,-,-,yes,no,-,10,builder,builder,jets/compute_pipes/pipe_transformation_ollama.go:915,no,0,0,pending,unreviewed,Connection and tls handshake timeout.,-
OllamaSpec,*,MaxRetry,max_retry,OllamaSpec,*int,scalar,-,-,yes,no,-,2,builder,builder,jets/compute_pipes/pipe_transformation_ollama.go:918,no,0,0,pending,unreviewed,"Retries on timeout, connection error, 429 and 5xx.","Pointer for a reason: unset means the default, an explicit 0 disables the retries. A non-pointer int could not say both."
OllamaSpec,*,RetryWaitSec,retry_wait_sec,OllamaSpec,int,scalar,-,-,yes,no,-,2,builder,builder,jets/compute_pipes/pipe_transformation_ollama.go:923,no,0,0,pending,unreviewed,"Wait before the first retry, doubled on each attempt.",-
OllamaSpec,*,MaxInputCount,max_input_count,OllamaSpec,int,scalar,-,-,yes,no,-,-,none,comment,jets/compute_pipes/pipes_model.go:1200,no,0,0,pending,unreviewed,Cap on the records sent to the model. A cost guard.,"0 means unlimited, and no default is applied. Records past the cap are passed through unchanged rather than filtered out."
OllamaSpec,*,OnError,on_error,OllamaSpec,string,scalar,-,pass_through|drop|fail,yes,no,-,pass_through,builder,builder,jets/compute_pipes/pipe_transformation_ollama.go:903,no,0,0,pending,unreviewed,What to do with a record that failed.,-
OllamaSpec,*,MaxErrorCount,max_error_count,OllamaSpec,int,scalar,-,-,yes,no,-,50,builder,builder,jets/compute_pipes/pipe_transformation_ollama.go:927,no,0,0,pending,unreviewed,Cap on the records reported to the error channel.,-
OllamaSpec,*,RowKeyColumn,row_key_column,OllamaSpec,string,scalar,-,-,yes,no,-,-,none,comment,jets/compute_pipes/pipes_model.go:1206,no,0,0,pending,unreviewed,Column identifying the record in the error reports (row_jets_key).,-
OllamaSpec,*,IsDebug,is_debug,OllamaSpec,bool,scalar,-,-,yes,no,-,-,none,comment,jets/compute_pipes/pipes_model.go:1207,no,1,1,pending,unreviewed,Log the prompt and the response of every record.,-
OllamaSpec,*,ErrorChannel,error_channel,OllamaSpec,*OutputChannelConfig,object,OutputChannelConfig,-,yes,no,-,-,none,validator,jets/compute_pipes/actions_start_common.go:1045,no,1,1,pending,unreviewed,"Channel where row-level errors are reported, on the process_errors channel spec.",Discovered by errorChannelConfig and validated like any output channel.
OllamaMappingSpec,*,Comment,comment,OllamaMappingSpec,string,scalar,-,,,,,,,,,,0,0,pending,unreviewed,,
OllamaMappingSpec,*,Column,column,OllamaMappingSpec,string,scalar,-,-,yes,yes,-,-,none,builder,jets/compute_pipes/pipe_transformation_ollama.go:413,no,2,2,pending,unreviewed,The column to set. Must be a column of the shared channel spec.,-
OllamaMappingSpec,*,Source,source,OllamaMappingSpec,string,scalar,-,response|raw_response|envelope|thinking|model_name,yes,no,-,response,builder,builder,jets/compute_pipes/pipe_transformation_ollama.go:424,no,2,2,pending,unreviewed,What the mapping reads from.,-
OllamaMappingSpec,*,Path,path,OllamaMappingSpec,string,scalar,-,-,yes,no,-,-,none,comment,jets/compute_pipes/pipes_model.go:1260,no,0,0,pending,unreviewed,"Dot path into the parsed json, eg codes.0.icd10. Empty takes the whole value.",-
OllamaMappingSpec,*,AsRdfType,as_rdf_type,OllamaMappingSpec,string,scalar,-,-,yes,no,-,-,none,comment,jets/compute_pipes/pipes_model.go:1263,no,0,0,pending,unreviewed,Casts the value; see CastToRdfType.,-
OllamaMappingSpec,*,Default,default,OllamaMappingSpec,string,scalar,-,-,yes,no,-,-,none,comment,jets/compute_pipes/pipes_model.go:1264,no,0,0,pending,unreviewed,Value to use when the path is absent or null.,-
OllamaMappingSpec,*,Required,required,OllamaMappingSpec,bool,scalar,-,-,yes,no,-,-,none,comment,jets/compute_pipes/pipes_model.go:1265,no,2,2,pending,unreviewed,An absent or null value is a row-level error.,-
OllamaServerSpec,*,Comment,comment,OllamaServerSpec,string,scalar,-,,,,,,,,,,,,pending,unreviewed,,
OllamaServerSpec,*,Url,url,OllamaServerSpec,string,scalar,-,,,,,,,,,,,,pending,unreviewed,,
OllamaServerSpec,*,Headers,headers,OllamaServerSpec,map[string]string,map,-,,,,,,,,,,,,pending,unreviewed,,
PartitionWriterSpec,*,Comment,comment,PartitionWriterSpec,string,scalar,-,,,,,,,,,,0,0,pending,unreviewed,,
PartitionWriterSpec,*,DeviceWriterType,device_writer_type,PartitionWriterSpec,string,scalar,-,csv_writer|parquet_writer|fixed_width_writer,yes,conditional,absent(output_channel.schema_provider),-,none,validator,jets/compute_pipes/actions_start_common.go:915,no,144,138,pending,unreviewed,The writer to use for the partition files.,"Required unless the output channel names a schema provider, in which case the validator derives it from the provider's format and writes it back into the config (jets/compute_pipes/actions_start_common.go:920). A cross-struct condition: the tri-state and required_when carry it, a boolean required cannot."
PartitionWriterSpec,*,JetsPartitionKey,jets_partition_key,PartitionWriterSpec,*string,scalar,-,-,yes,no,-,-,none,corpus,-,no,90,84,pending,unreviewed,Column carrying the jets partition key.,No doc comment on the struct; description is provisional and the row carries no code evidence yet - a B.6 row.
PartitionWriterSpec,*,PartitionSize,partition_size,PartitionWriterSpec,int,scalar,-,-,yes,no,-,-,none,corpus,-,no,26,26,pending,unreviewed,Rows per partition file.,No doc comment on the struct; description is provisional and the row carries no code evidence yet - a B.6 row.
PartitionWriterSpec,*,SamplingRate,sampling_rate,PartitionWriterSpec,int,scalar,-,-,yes,no,-,-,none,corpus,-,no,6,6,pending,unreviewed,Sample one row in n.,No doc comment on the struct; description is provisional and the row carries no code evidence yet - a B.6 row.
PartitionWriterSpec,*,SamplingMaxCount,sampling_max_count,PartitionWriterSpec,int,scalar,-,-,yes,no,-,-,none,corpus,-,no,6,6,pending,unreviewed,Cap on the sampled rows.,No doc comment on the struct; description is provisional and the row carries no code evidence yet - a B.6 row.
PartitionWriterSpec,*,StreamDataOut,stream_data_out,PartitionWriterSpec,bool,scalar,-,-,yes,no,-,-,none,corpus,-,no,3,3,pending,unreviewed,Stream the records out as they are written.,No doc comment on the struct; description is provisional and the row carries no code evidence yet - a B.6 row.
MapRecordSpec,*,Comment,comment,MapRecordSpec,string,scalar,-,,,,,,,,,,0,0,pending,unreviewed,,
MapRecordSpec,*,FileMappingTableName,file_mapping_table_name,MapRecordSpec,string,scalar,-,,,,,,,,,,13,12,pending,unreviewed,,
MapRecordSpec,*,ErrorChannel,error_channel,MapRecordSpec,*OutputChannelConfig,object,OutputChannelConfig,,,,,,,,,,0,0,pending,unreviewed,,
MapRecordSpec,*,FailOnError,fail_on_error,MapRecordSpec,bool,scalar,-,,,,,,,,,,0,0,pending,unreviewed,,
MapRecordSpec,*,IsDebug,is_debug,MapRecordSpec,bool,scalar,-,,,,,,,,,,12,12,pending,unreviewed,,
AnalyzeSpec,*,Comment,comment,AnalyzeSpec,string,scalar,-,,,,,,,,,,0,0,pending,unreviewed,,
AnalyzeSpec,*,SchemaProvider,schema_provider,AnalyzeSpec,string,scalar,-,,,,,,,,,,4,4,pending,unreviewed,,
AnalyzeSpec,*,ScrubChars,scrub_chars,AnalyzeSpec,string,scalar,-,,,,,,,,,,4,4,pending,unreviewed,,
AnalyzeSpec,*,DistinctValuesWhenLessThanCount,distinct_values_when_less_than_count,AnalyzeSpec,int,scalar,-,,,,,,,,,,4,4,pending,unreviewed,,
AnalyzeSpec,*,PadShortRowsWithNulls,pad_short_rows_with_nulls,AnalyzeSpec,bool,scalar,-,,,,,,,,,,4,4,pending,unreviewed,,
AnalyzeSpec,*,ColumnNameToken,column_name_token,AnalyzeSpec,*ColumnNameTokenNode,object,ColumnNameTokenNode,,,,,,,,,,2,2,pending,unreviewed,,
AnalyzeSpec,*,EntityHints,entity_hints,AnalyzeSpec,[]*EntityHint,array,EntityHint,,,,,,,,,,2,2,pending,unreviewed,,
AnalyzeSpec,*,RegexTokens,regex_tokens,AnalyzeSpec,[]RegexNode,array,RegexNode,,,,,,,,,,2,2,pending,unreviewed,,
AnalyzeSpec,*,LookupTokens,lookup_tokens,AnalyzeSpec,[]LookupTokenNode,array,LookupTokenNode,,,,,,,,,,2,2,pending,unreviewed,,
AnalyzeSpec,*,KeywordTokens,keyword_tokens,AnalyzeSpec,[]KeywordTokenNode,array,KeywordTokenNode,,,,,,,,,,2,2,pending,unreviewed,,
AnalyzeSpec,*,FunctionTokens,function_tokens,AnalyzeSpec,[]FunctionTokenNode,array,FunctionTokenNode,,,,,,,,,,4,4,pending,unreviewed,,
ColumnNameTokenNode,*,Comment,comment,ColumnNameTokenNode,string,scalar,-,,,,,,,,,,0,0,pending,unreviewed,,
ColumnNameTokenNode,*,Name,name,ColumnNameTokenNode,string,scalar,-,,,,,,,,,,2,2,pending,unreviewed,,
ColumnNameTokenNode,*,Lookup,lookup,ColumnNameTokenNode,[]*ColumnNameLookupNode,array,ColumnNameLookupNode,,,,,,,,,,2,2,pending,unreviewed,,
ColumnNameLookupNode,*,Comment,comment,ColumnNameLookupNode,string,scalar,-,,,,,,,,,,0,0,pending,unreviewed,,
ColumnNameLookupNode,*,Name,name,ColumnNameLookupNode,string,scalar,-,,,,,,,,,,46,46,pending,unreviewed,,
ColumnNameLookupNode,*,ColumnNames,column_names,ColumnNameLookupNode,[]string,array,-,,,,,,,,,,37,37,pending,unreviewed,,
ColumnNameLookupNode,*,ColumnPos,column_pos,ColumnNameLookupNode,[]int,array,-,,,,,,,,,,0,0,pending,unreviewed,,
ColumnNameLookupNode,*,ColumnNameFragments,column_name_fragments,ColumnNameLookupNode,[]string,array,-,,,,,,,,,,22,22,pending,unreviewed,,
EntityHint,*,Comment,comment,EntityHint,string,scalar,-,,,,,,,,,,0,0,pending,unreviewed,,
EntityHint,*,Entity,entity,EntityHint,string,scalar,-,,,,,,,,,,3,3,pending,unreviewed,,
EntityHint,*,NameFragments,column_name_fragments,EntityHint,[]string,array,-,,,,,,,,,,3,3,pending,unreviewed,,
EntityHint,*,ExclusionFragments,exclusion_fragments,EntityHint,[]string,array,-,,,,,,,,,,2,2,pending,unreviewed,,
RegexNode,*,Comment,comment,RegexNode,string,scalar,-,,,,,,,,,,0,0,pending,unreviewed,,
RegexNode,*,Name,name,RegexNode,string,scalar,-,,,,,,,,,,33,33,pending,unreviewed,,
RegexNode,*,Rexpr,re,RegexNode,string,scalar,-,,,,,,,,,,33,33,pending,unreviewed,,
RegexNode,*,UseScrubbedValue,use_scrubbed_value,RegexNode,bool,scalar,-,,,,,,,,,,10,10,pending,unreviewed,,
LookupTokenNode,*,Comment,comment,LookupTokenNode,string,scalar,-,,,,,,,,,,0,0,pending,unreviewed,,
LookupTokenNode,*,Name,lookup_name,LookupTokenNode,string,scalar,-,,,,,,,,,,18,18,pending,unreviewed,,
LookupTokenNode,*,KeyRe,key_re,LookupTokenNode,string,scalar,-,,,,,,,,,,16,16,pending,unreviewed,,
LookupTokenNode,*,Tokens,tokens,LookupTokenNode,[]string,array,-,,,,,,,,,,18,18,pending,unreviewed,,
LookupTokenNode,*,MultiTokensMatch,multi_tokens_match,LookupTokenNode,[]MultiTokensNode,array,MultiTokensNode,,,,,,,,,,2,2,pending,unreviewed,,
KeywordTokenNode,*,Comment,comment,KeywordTokenNode,string,scalar,-,,,,,,,,,,,,pending,unreviewed,,
KeywordTokenNode,*,Name,name,KeywordTokenNode,string,scalar,-,,,,,,,,,,,,pending,unreviewed,,
KeywordTokenNode,*,Keywords,keywords,KeywordTokenNode,[]string,array,-,,,,,,,,,,,,pending,unreviewed,,
FunctionTokenNode,parse_date,Comment,comment,FunctionTokenNode,string,scalar,-,,,,,,,,,,0,0,pending,unreviewed,,
FunctionTokenNode,parse_date,Type,type,FunctionTokenNode,string,scalar,-,,,,,,,,,,4,4,pending,unreviewed,,
FunctionTokenNode,parse_date,ParseDateConfig,parse_date_config,FunctionTokenNode,*ParseDateSpec,object,ParseDateSpec,,,,,,,,,,4,4,pending,unreviewed,,
FunctionTokenNode,parse_date,LargeDouble,large_double,FunctionTokenNode,*float64,scalar,-,,,,,,,,,,0,0,pending,unreviewed,,
FunctionTokenNode,parse_double,Comment,comment,FunctionTokenNode,string,scalar,-,,,,,,,,,,0,0,pending,unreviewed,,
FunctionTokenNode,parse_double,Type,type,FunctionTokenNode,string,scalar,-,,,,,,,,,,4,4,pending,unreviewed,,
FunctionTokenNode,parse_double,ParseDateConfig,parse_date_config,FunctionTokenNode,*ParseDateSpec,object,ParseDateSpec,,,,,,,,,,0,0,pending,unreviewed,,
FunctionTokenNode,parse_double,LargeDouble,large_double,FunctionTokenNode,*float64,scalar,-,,,,,,,,,,2,2,pending,unreviewed,,
FunctionTokenNode,parse_text,Comment,comment,FunctionTokenNode,string,scalar,-,,,,,,,,,,0,0,pending,unreviewed,,
FunctionTokenNode,parse_text,Type,type,FunctionTokenNode,string,scalar,-,,,,,,,,,,4,4,pending,unreviewed,,
FunctionTokenNode,parse_text,ParseDateConfig,parse_date_config,FunctionTokenNode,*ParseDateSpec,object,ParseDateSpec,,,,,,,,,,0,0,pending,unreviewed,,
FunctionTokenNode,parse_text,LargeDouble,large_double,FunctionTokenNode,*float64,scalar,-,,,,,,,,,,0,0,pending,unreviewed,,
ParseDateSpec,*,Comment,comment,ParseDateSpec,string,scalar,-,,,,,,,,,,0,0,pending,unreviewed,,
ParseDateSpec,*,DateFormatToken,date_format_token,ParseDateSpec,string,scalar,-,,,,,,,,,,4,4,pending,unreviewed,,
ParseDateSpec,*,OtherDateFormatToken,other_date_format_token,ParseDateSpec,string,scalar,-,,,,,,,,,,4,4,pending,unreviewed,,
ParseDateSpec,*,DateSamplingMaxCount,sampling_max_count,ParseDateSpec,int,scalar,-,,,,,,,,,,2,2,pending,unreviewed,,
ParseDateSpec,*,DateFormatLookup,date_format_lookup,ParseDateSpec,*DateFormatLookupSpec,object,DateFormatLookupSpec,,,,,,,,,,1,1,pending,unreviewed,,
ParseDateSpec,*,NullDates,null_dates,ParseDateSpec,[]string,array,-,,,,,,,,,,4,4,pending,unreviewed,,
ParseDateSpec,*,DateFormats,date_formats,ParseDateSpec,[][]string,array2,-,,,,,,,,,,3,3,pending,unreviewed,,
ParseDateSpec,*,OtherDateFormats,other_date_formats,ParseDateSpec,[][]string,array2,-,,,,,,,,,,2,2,pending,unreviewed,,
ParseDateSpec,*,MinMaxDateFormat,minmax_date_format,ParseDateSpec,string,scalar,-,,,,,,,,,,4,4,pending,unreviewed,,
ParseDateSpec,*,ParseDateArguments,parse_date_args,ParseDateSpec,[]ParseDateFTSpec,array,ParseDateFTSpec,,,,,,,,,,4,4,pending,unreviewed,,
ParseDateSpec,*,UseJetstoreParser,use_jetstore_date_parser,ParseDateSpec,bool,scalar,-,,,,,,,,,,0,0,pending,unreviewed,,
DateFormatLookupSpec,*,Comment,comment,DateFormatLookupSpec,string,scalar,-,,,,,,,,,,0,0,pending,unreviewed,,
DateFormatLookupSpec,*,LookupName,lookup_name,DateFormatLookupSpec,string,scalar,-,,,,,,,,,,1,1,pending,unreviewed,,
DateFormatLookupSpec,*,DataClassificationColumn,data_classification_column,DateFormatLookupSpec,string,scalar,-,,,,,,,,,,1,1,pending,unreviewed,,
DateFormatLookupSpec,*,LookupKeyColumn,lookup_key_column,DateFormatLookupSpec,string,scalar,-,,,,,,,,,,1,1,pending,unreviewed,,
DateFormatLookupSpec,*,DateFormatColumn,date_format_column,DateFormatLookupSpec,string,scalar,-,,,,,,,,,,1,1,pending,unreviewed,,
ParseDateFTSpec,*,Comment,comment,ParseDateFTSpec,string,scalar,-,,,,,,,,,,0,0,pending,unreviewed,,
ParseDateFTSpec,*,Token,token,ParseDateFTSpec,string,scalar,-,,,,,,,,,,8,8,pending,unreviewed,,
ParseDateFTSpec,*,YearLessThan,year_less_than,ParseDateFTSpec,int,scalar,-,,,,,,,,,,4,4,pending,unreviewed,,
ParseDateFTSpec,*,YearGreaterThan,year_greater_than,ParseDateFTSpec,int,scalar,-,,,,,,,,,,8,8,pending,unreviewed,,
HighFreqSpec,*,Comment,comment,HighFreqSpec,string,scalar,-,,,,,,,,,,0,0,pending,unreviewed,,
HighFreqSpec,*,Name,name,HighFreqSpec,string,scalar,-,,,,,,,,,,1,1,pending,unreviewed,,
HighFreqSpec,*,KeyRe,key_re,HighFreqSpec,string,scalar,-,,,,,,,,,,1,1,pending,unreviewed,,
HighFreqSpec,*,TopPercentile,top_pct,HighFreqSpec,int,scalar,-,,,,,,,,,,1,1,pending,unreviewed,,
HighFreqSpec,*,TopRank,top_rank,HighFreqSpec,int,scalar,-,,,,,,,,,,1,1,pending,unreviewed,,
AnonymizeSpec,anonymization,Comment,comment,AnonymizeSpec,string,scalar,-,,,,,,,,,,,,pending,unreviewed,,
AnonymizeSpec,anonymization,Mode,mode,AnonymizeSpec,string,scalar,-,,,,,,,,,,,,pending,unreviewed,,
AnonymizeSpec,anonymization,LookupName,lookup_name,AnonymizeSpec,string,scalar,-,,,,,,,,,,,,pending,unreviewed,,
AnonymizeSpec,anonymization,AnonymizeType,anonymize_type,AnonymizeSpec,string,scalar,-,,,,,,,,,,,,pending,unreviewed,,
AnonymizeSpec,anonymization,DataClassification,data_classification,AnonymizeSpec,string,scalar,-,,,,,,,,,,,,pending,unreviewed,,
AnonymizeSpec,anonymization,KeyPrefix,key_prefix,AnonymizeSpec,string,scalar,-,,,,,,,,,,,,pending,unreviewed,,
AnonymizeSpec,anonymization,DeidFunctions,deid_functions,AnonymizeSpec,map[string]string,map,-,,,,,,,,,,,,pending,unreviewed,,
AnonymizeSpec,anonymization,DeidLookups,deid_lookups,AnonymizeSpec,map[string]string,map,-,,,,,,,,,,,,pending,unreviewed,,
AnonymizeSpec,anonymization,InputDateLayout,input_date_layout,AnonymizeSpec,string,scalar,-,,,,,,,,,,,,pending,unreviewed,,
AnonymizeSpec,anonymization,DateFormatsColumn,date_formats_column,AnonymizeSpec,string,scalar,-,,,,,,,,,,,,pending,unreviewed,,
AnonymizeSpec,anonymization,OutputDateLayout,output_date_layout,AnonymizeSpec,string,scalar,-,,,,,,,,,,,,pending,unreviewed,,
AnonymizeSpec,anonymization,KeyDateLayout,key_date_layout,AnonymizeSpec,string,scalar,-,,,,,,,,,,,,pending,unreviewed,,
AnonymizeSpec,anonymization,DefaultInvalidDate,default_invalid_date,AnonymizeSpec,string,scalar,-,,,,,,,,,,,,pending,unreviewed,,
AnonymizeSpec,anonymization,SchemaProvider,schema_provider,AnonymizeSpec,string,scalar,-,,,,,,,,,,,,pending,unreviewed,,
AnonymizeSpec,anonymization,AdjustFieldWidthOnFW,adjust_field_width_on_fixed_width_file,AnonymizeSpec,bool,scalar,-,,,,,,,,,,,,pending,unreviewed,,
AnonymizeSpec,anonymization,OmitPrefixOnFW,omit_prefix_on_fixed_width_file,AnonymizeSpec,bool,scalar,-,,,,,,,,,,,,pending,unreviewed,,
AnonymizeSpec,anonymization,AnonymizedColumnsOutputFile,anonymized_columns_output_file,AnonymizeSpec,*ColumnFileSpec,object,ColumnFileSpec,,,,,,,,,,,,pending,unreviewed,,
AnonymizeSpec,anonymization,KeysOutputChannel,keys_output_channel,AnonymizeSpec,*OutputChannelConfig,object,OutputChannelConfig,,,,,,,,,,,,pending,unreviewed,,
AnonymizeSpec,de-identification,Comment,comment,AnonymizeSpec,string,scalar,-,,,,,,,,,,0,0,pending,unreviewed,,
AnonymizeSpec,de-identification,Mode,mode,AnonymizeSpec,string,scalar,-,,,,,,,,,,1,1,pending,unreviewed,,
AnonymizeSpec,de-identification,LookupName,lookup_name,AnonymizeSpec,string,scalar,-,,,,,,,,,,1,1,pending,unreviewed,,
AnonymizeSpec,de-identification,AnonymizeType,anonymize_type,AnonymizeSpec,string,scalar,-,,,,,,,,,,1,1,pending,unreviewed,,
AnonymizeSpec,de-identification,DataClassification,data_classification,AnonymizeSpec,string,scalar,-,,,,,,,,,,1,1,pending,unreviewed,,
AnonymizeSpec,de-identification,KeyPrefix,key_prefix,AnonymizeSpec,string,scalar,-,,,,,,,,,,1,1,pending,unreviewed,,
AnonymizeSpec,de-identification,DeidFunctions,deid_functions,AnonymizeSpec,map[string]string,map,-,,,,,,,,,,1,1,pending,unreviewed,,
AnonymizeSpec,de-identification,DeidLookups,deid_lookups,AnonymizeSpec,map[string]string,map,-,,,,,,,,,,1,1,pending,unreviewed,,
AnonymizeSpec,de-identification,InputDateLayout,input_date_layout,AnonymizeSpec,string,scalar,-,,,,,,,,,,0,0,pending,unreviewed,,
AnonymizeSpec,de-identification,DateFormatsColumn,date_formats_column,AnonymizeSpec,string,scalar,-,,,,,,,,,,1,1,pending,unreviewed,,
AnonymizeSpec,de-identification,OutputDateLayout,output_date_layout,AnonymizeSpec,string,scalar,-,,,,,,,,,,0,0,pending,unreviewed,,
AnonymizeSpec,de-identification,KeyDateLayout,key_date_layout,AnonymizeSpec,string,scalar,-,,,,,,,,,,0,0,pending,unreviewed,,
AnonymizeSpec,de-identification,DefaultInvalidDate,default_invalid_date,AnonymizeSpec,string,scalar,-,,,,,,,,,,1,1,pending,unreviewed,,
AnonymizeSpec,de-identification,SchemaProvider,schema_provider,AnonymizeSpec,string,scalar,-,,,,,,,,,,1,1,pending,unreviewed,,
AnonymizeSpec,de-identification,AdjustFieldWidthOnFW,adjust_field_width_on_fixed_width_file,AnonymizeSpec,bool,scalar,-,,,,,,,,,,1,1,pending,unreviewed,,
AnonymizeSpec,de-identification,OmitPrefixOnFW,omit_prefix_on_fixed_width_file,AnonymizeSpec,bool,scalar,-,,,,,,,,,,0,0,pending,unreviewed,,
AnonymizeSpec,de-identification,AnonymizedColumnsOutputFile,anonymized_columns_output_file,AnonymizeSpec,*ColumnFileSpec,object,ColumnFileSpec,,,,,,,,,,0,0,pending,unreviewed,,
AnonymizeSpec,de-identification,KeysOutputChannel,keys_output_channel,AnonymizeSpec,*OutputChannelConfig,object,OutputChannelConfig,,,,,,,,,,0,0,pending,unreviewed,,
DistinctSpec,*,Comment,comment,DistinctSpec,string,scalar,-,,,,,,,,,,0,0,pending,unreviewed,,
DistinctSpec,*,DistinctOn,distinct_on,DistinctSpec,[]string,array,-,,,,,,,,,,2,2,pending,unreviewed,,
ShufflingSpec,*,Comment,comment,ShufflingSpec,string,scalar,-,,,,,,,,,,0,0,pending,unreviewed,,
ShufflingSpec,*,MaxInputSampleSize,max_input_sample_size,ShufflingSpec,int,scalar,-,,,,,,,,,,2,2,pending,unreviewed,,
ShufflingSpec,*,OutputSampleSize,output_sample_size,ShufflingSpec,int,scalar,-,,,,,,,,,,2,2,pending,unreviewed,,
ShufflingSpec,*,PadShortRowsWithNulls,pad_short_rows_with_nulls,ShufflingSpec,bool,scalar,-,,,,,,,,,,2,2,pending,unreviewed,,
ShufflingSpec,*,FilterColumns,filter_columns,ShufflingSpec,*FilterColumnSpec,object,FilterColumnSpec,,,,,,,,,,1,1,pending,unreviewed,,
FilterColumnSpec,*,Comment,comment,FilterColumnSpec,string,scalar,-,,,,,,,,,,0,0,pending,unreviewed,,
FilterColumnSpec,*,LookupName,lookup_name,FilterColumnSpec,string,scalar,-,,,,,,,,,,1,1,pending,unreviewed,,
FilterColumnSpec,*,ColumnName,column_name,FilterColumnSpec,string,scalar,-,,,,,,,,,,1,1,pending,unreviewed,,
FilterColumnSpec,*,LookupColumn,lookup_column,FilterColumnSpec,string,scalar,-,,,,,,,,,,1,1,pending,unreviewed,,
FilterColumnSpec,*,RetainOnValues,retain_on_values,FilterColumnSpec,[]string,array,-,,,,,,,,,,1,1,pending,unreviewed,,
GroupBySpec,*,Comment,comment,GroupBySpec,string,scalar,-,,,,,,,,,,0,0,pending,unreviewed,,
GroupBySpec,*,GroupByName,group_by_name,GroupBySpec,[]string,array,-,,,,,,,,,,4,2,pending,unreviewed,,
GroupBySpec,*,GroupByPos,group_by_pos,GroupBySpec,[]int,array,-,,,,,,,,,,0,0,pending,unreviewed,,
GroupBySpec,*,GroupByCount,group_by_count,GroupBySpec,int,scalar,-,,,,,,,,,,1,1,pending,unreviewed,,
GroupBySpec,*,DomainKey,domain_key,GroupBySpec,string,scalar,-,,,,,,,,,,7,7,pending,unreviewed,,
GroupBySpec,*,IsDebug,is_debug,GroupBySpec,bool,scalar,-,,,,,,,,,,2,2,pending,unreviewed,,
FilterSpec,*,Comment,comment,FilterSpec,string,scalar,-,,,,,,,,,,0,0,pending,unreviewed,,
FilterSpec,*,RowLengthStrict,row_length_strict,FilterSpec,bool,scalar,-,,,,,,,,,,0,0,pending,unreviewed,,
FilterSpec,*,When,when,FilterSpec,*ExpressionNode,object,ExpressionNode,,,,,,,,,,4,4,pending,unreviewed,,
FilterSpec,*,MaxOutputCount,max_output_records,FilterSpec,int,scalar,-,,,,,,,,,,1,1,pending,unreviewed,,
SortSpec,*,Comment,comment,SortSpec,string,scalar,-,,,,,,,,,,0,0,pending,unreviewed,,
SortSpec,*,DomainKey,domain_key,SortSpec,string,scalar,-,,,,,,,,,,16,16,pending,unreviewed,,
SortSpec,*,SortByColumn,sort_by,SortSpec,[]string,array,-,,,,,,,,,,2,1,pending,unreviewed,,
SortSpec,*,IsDebug,is_debug,SortSpec,bool,scalar,-,,,,,,,,,,20,19,pending,unreviewed,,
JetrulesSpec,*,Comment,comment,JetrulesSpec,string,scalar,-,,,,,,,,,,0,0,pending,unreviewed,,
JetrulesSpec,*,ProcessName,process_name,JetrulesSpec,string,scalar,-,,,,,,,,,,14,12,pending,unreviewed,,
JetrulesSpec,*,UseJetRulesNative,use_jet_rules_native,JetrulesSpec,bool,scalar,-,,,,,,,,,,0,0,pending,unreviewed,,
JetrulesSpec,*,UseJetRulesGo,use_jet_rules_go,JetrulesSpec,bool,scalar,-,,,,,,,,,,11,11,pending,unreviewed,,
JetrulesSpec,*,InputRdfType,input_rdf_type,JetrulesSpec,string,scalar,-,,,,,,,,,,9,9,pending,unreviewed,,
JetrulesSpec,*,MaxInputCount,max_input_count,JetrulesSpec,int,scalar,-,,,,,,,,,,14,12,pending,unreviewed,,
JetrulesSpec,*,PoolSize,pool_size,JetrulesSpec,int,scalar,-,,,,,,,,,,14,12,pending,unreviewed,,
JetrulesSpec,*,MaxReteSessionsSaved,max_rete_sessions_saved,JetrulesSpec,int,scalar,-,,,,,,,,,,14,12,pending,unreviewed,,
JetrulesSpec,*,MaxLooping,max_looping,JetrulesSpec,int,scalar,-,,,,,,,,,,0,0,pending,unreviewed,,
JetrulesSpec,*,CurrentSourcePeriod,current_source_period,JetrulesSpec,int,scalar,-,,,,,,,,,,0,0,pending,unreviewed,,
JetrulesSpec,*,CurrentSourcePeriodDate,current_source_period_date,JetrulesSpec,string,scalar,-,,,,,,,,,,0,0,pending,unreviewed,,
JetrulesSpec,*,CurrentSourcePeriodType,current_source_period_type,JetrulesSpec,string,scalar,-,,,,,,,,,,0,0,pending,unreviewed,,
JetrulesSpec,*,RuleConfig,rule_config,JetrulesSpec,[]map[string]any,array,-,,,,,,,,,,2,1,pending,unreviewed,,
JetrulesSpec,*,MetadataInputSources,metadata_input_sources,JetrulesSpec,[]CsvSourceSpec,array,CsvSourceSpec,,,,,,,,,,12,12,pending,unreviewed,,
JetrulesSpec,*,IsDebug,is_debug,JetrulesSpec,bool,scalar,-,,,,,,,,,,12,12,pending,unreviewed,,
JetrulesSpec,*,OutputChannels,output_channels,JetrulesSpec,[]OutputChannelConfig,array,OutputChannelConfig,,,,,,,,,,13,12,pending,unreviewed,,
JetrulesSpec,*,ErrorChannel,error_channel,JetrulesSpec,*OutputChannelConfig,object,OutputChannelConfig,,,,,,,,,,9,9,pending,unreviewed,,
OutputChannelConfig,memory,Comment,comment,OutputChannelConfig,string,scalar,-,,,,,,,,,,,,pending,unreviewed,,
OutputChannelConfig,memory,BadRowsConfig,bad_rows_config,FileConfig,*BadRowsSpec,object,BadRowsSpec,,,,,,,,,,,,pending,unreviewed,,
OutputChannelConfig,memory,BlankFieldMarkers,blank_field_markers,FileConfig,*BlankFieldMarkersSpec,object,BlankFieldMarkersSpec,,,,,,,,,,,,pending,unreviewed,,
OutputChannelConfig,memory,Bucket,bucket,FileConfig,string,scalar,-,,,,,,,,,,,,pending,unreviewed,,
OutputChannelConfig,memory,Compression,compression,FileConfig,string,scalar,-,,,,,,,,,,,,pending,unreviewed,,
OutputChannelConfig,memory,Delimiter,delimiter,FileConfig,rune,scalar,-,,,,,,,,,,,,pending,unreviewed,,
OutputChannelConfig,memory,DetectCrAsEol,detect_cr_as_eol,FileConfig,bool,scalar,-,,,,,,,,,,,,pending,unreviewed,,
OutputChannelConfig,memory,DetectEncoding,detect_encoding,FileConfig,bool,scalar,-,,,,,,,,,,,,pending,unreviewed,,
OutputChannelConfig,memory,DiscardFileHeaders,discard_file_headers,FileConfig,bool,scalar,-,,,,,,,,,,,,pending,unreviewed,,
OutputChannelConfig,memory,DomainClass,domain_class,FileConfig,string,scalar,-,,,,,,,,,,,,pending,unreviewed,,
OutputChannelConfig,memory,DomainKeys,domain_keys,FileConfig,map[string]any,map,-,,,,,,,,,,,,pending,unreviewed,,
OutputChannelConfig,memory,DropExcedentHeaders,drop_excedent_headers,FileConfig,bool,scalar,-,,,,,,,,,,,,pending,unreviewed,,
OutputChannelConfig,memory,Encoding,encoding,FileConfig,string,scalar,-,,,,,,,,,,,,pending,unreviewed,,
OutputChannelConfig,memory,EnforceRowMaxLength,enforce_row_max_length,FileConfig,bool,scalar,-,,,,,,,,,,,,pending,unreviewed,,
OutputChannelConfig,memory,EnforceRowMinLength,enforce_row_min_length,FileConfig,bool,scalar,-,,,,,,,,,,,,pending,unreviewed,,
OutputChannelConfig,memory,EolByte,eol_byte,FileConfig,byte,scalar,-,,,,,,,,,,,,pending,unreviewed,,
OutputChannelConfig,memory,FailOnEmptyColumnName,fail_on_empty_column_name,FileConfig,bool,scalar,-,,,,,,,,,,,,pending,unreviewed,,
OutputChannelConfig,memory,FileKey,file_key,FileConfig,string,scalar,-,,,,,,,,,,,,pending,unreviewed,,
OutputChannelConfig,memory,LookbackPeriods,lookback_periods,FileConfig,string,scalar,-,,,,,,,,,,,,pending,unreviewed,,
OutputChannelConfig,memory,FileName,file_name,FileConfig,string,scalar,-,,,,,,,,,,,,pending,unreviewed,,
OutputChannelConfig,memory,FixedWidthColumnsCsv,fixed_width_columns_csv,FileConfig,string,scalar,-,,,,,,,,,,,,pending,unreviewed,,
OutputChannelConfig,memory,Format,format,FileConfig,string,scalar,-,,,,,,,,,,,,pending,unreviewed,,
OutputChannelConfig,memory,InputFormatDataJson,input_format_data_json,FileConfig,string,scalar,-,,,,,,,,,,,,pending,unreviewed,,
OutputChannelConfig,memory,IsPartFiles,is_part_files,FileConfig,bool,scalar,-,,,,,,,,,,,,pending,unreviewed,,
OutputChannelConfig,memory,KeyPrefix,key_prefix,FileConfig,string,scalar,-,,,,,,,,,,,,pending,unreviewed,,
OutputChannelConfig,memory,MainInputRowCount,main_input_row_count,FileConfig,int64,scalar,-,,,,,,,,,,,,pending,unreviewed,,
OutputChannelConfig,memory,MultiColumnsInput,multi_columns_input,FileConfig,bool,scalar,-,,,,,,,,,,,,pending,unreviewed,,
OutputChannelConfig,memory,NbrRowsInRecord,nbr_rows_in_record,FileConfig,int64,scalar,-,,,,,,,,,,,,pending,unreviewed,,
OutputChannelConfig,memory,NoQuotes,no_quotes,FileConfig,bool,scalar,-,,,,,,,,,,,,pending,unreviewed,,
OutputChannelConfig,memory,ParquetSchema,parquet_schema,FileConfig,*ParquetSchemaInfo,object,ParquetSchemaInfo,,,,,,,,,,,,pending,unreviewed,,
OutputChannelConfig,memory,PutHeadersOnFirstPartition,put_headers_on_first_partition,FileConfig,bool,scalar,-,,,,,,,,,,,,pending,unreviewed,,
OutputChannelConfig,memory,QuoteAllRecords,quote_all_records,FileConfig,bool,scalar,-,,,,,,,,,,,,pending,unreviewed,,
OutputChannelConfig,memory,ReadBatchSize,read_batch_size,FileConfig,int64,scalar,-,,,,,,,,,,,,pending,unreviewed,,
OutputChannelConfig,memory,ReadDateLayout,read_date_layout,FileConfig,string,scalar,-,,,,,,,,,,,,pending,unreviewed,,
OutputChannelConfig,memory,ReorderColumnsOnRead,reorder_columns_on_read,FileConfig,[]int,array,-,,,,,,,,,,,,pending,unreviewed,,
OutputChannelConfig,memory,TrimColumns,trim_columns,FileConfig,bool,scalar,-,,,,,,,,,,,,pending,unreviewed,,
OutputChannelConfig,memory,UseLazyQuotes,use_lazy_quotes,FileConfig,bool,scalar,-,,,,,,,,,,,,pending,unreviewed,,
OutputChannelConfig,memory,UseLazyQuotesSpecial,use_lazy_quotes_special,FileConfig,bool,scalar,-,,,,,,,,,,,,pending,unreviewed,,
OutputChannelConfig,memory,VariableFieldsPerRecord,variable_fields_per_record,FileConfig,bool,scalar,-,,,,,,,,,,,,pending,unreviewed,,
OutputChannelConfig,memory,WriteDateLayout,write_date_layout,FileConfig,string,scalar,-,,,,,,,,,,,,pending,unreviewed,,
OutputChannelConfig,memory,OutputEncoding,output_encoding,FileConfig,string,scalar,-,,,,,,,,,,,,pending,unreviewed,,
OutputChannelConfig,memory,OutputEncodingSameAsInput,output_encoding_same_as_input,FileConfig,bool,scalar,-,,,,,,,,,,,,pending,unreviewed,,
OutputChannelConfig,memory,Type,type,OutputChannelConfig,string,scalar,-,,,,,,,,,,,,pending,unreviewed,,
OutputChannelConfig,memory,Name,name,OutputChannelConfig,string,scalar,-,,,,,,,,,,,,pending,unreviewed,,
OutputChannelConfig,memory,UseOriginalHeaders,use_original_headers,OutputChannelConfig,bool,scalar,-,,,,,,,,,,,,pending,unreviewed,,
OutputChannelConfig,memory,UseInputParquetSchema,use_input_parquet_schema,OutputChannelConfig,bool,scalar,-,,,,,,,,,,,,pending,unreviewed,,
OutputChannelConfig,memory,SchemaProvider,schema_provider,OutputChannelConfig,string,scalar,-,,,,,,,,,,,,pending,unreviewed,,
OutputChannelConfig,memory,WriteStepId,write_step_id,OutputChannelConfig,string,scalar,-,,,,,,,,,,,,pending,unreviewed,,
OutputChannelConfig,memory,OutputTableKey,output_table_key,OutputChannelConfig,string,scalar,-,,,,,,,,,,,,pending,unreviewed,,
OutputChannelConfig,memory,FileKey2,output_location,OutputChannelConfig,string,scalar,-,,,,,,,,,,,,pending,unreviewed,,
OutputChannelConfig,memory,SpecName,channel_spec_name,OutputChannelConfig,string,scalar,-,,,,,,,,,,,,pending,unreviewed,,
OutputChannelConfig,stage,Comment,comment,OutputChannelConfig,string,scalar,-,,,,,,,,,,0,0,pending,unreviewed,,
OutputChannelConfig,stage,BadRowsConfig,bad_rows_config,FileConfig,*BadRowsSpec,object,BadRowsSpec,,,,,,,,,,0,0,pending,unreviewed,,
OutputChannelConfig,stage,BlankFieldMarkers,blank_field_markers,FileConfig,*BlankFieldMarkersSpec,object,BlankFieldMarkersSpec,,,,,,,,,,0,0,pending,unreviewed,,
OutputChannelConfig,stage,Bucket,bucket,FileConfig,string,scalar,-,,,,,,,,,,0,0,pending,unreviewed,,
OutputChannelConfig,stage,Compression,compression,FileConfig,string,scalar,-,,,,,,,,,,92,89,pending,unreviewed,,
OutputChannelConfig,stage,Delimiter,delimiter,FileConfig,rune,scalar,-,,,,,,,,,,0,0,pending,unreviewed,,
OutputChannelConfig,stage,DetectCrAsEol,detect_cr_as_eol,FileConfig,bool,scalar,-,,,,,,,,,,0,0,pending,unreviewed,,
OutputChannelConfig,stage,DetectEncoding,detect_encoding,FileConfig,bool,scalar,-,,,,,,,,,,0,0,pending,unreviewed,,
OutputChannelConfig,stage,DiscardFileHeaders,discard_file_headers,FileConfig,bool,scalar,-,,,,,,,,,,0,0,pending,unreviewed,,
OutputChannelConfig,stage,DomainClass,domain_class,FileConfig,string,scalar,-,,,,,,,,,,0,0,pending,unreviewed,,
OutputChannelConfig,stage,DomainKeys,domain_keys,FileConfig,map[string]any,map,-,,,,,,,,,,0,0,pending,unreviewed,,
OutputChannelConfig,stage,DropExcedentHeaders,drop_excedent_headers,FileConfig,bool,scalar,-,,,,,,,,,,0,0,pending,unreviewed,,
OutputChannelConfig,stage,Encoding,encoding,FileConfig,string,scalar,-,,,,,,,,,,0,0,pending,unreviewed,,
OutputChannelConfig,stage,EnforceRowMaxLength,enforce_row_max_length,FileConfig,bool,scalar,-,,,,,,,,,,0,0,pending,unreviewed,,
OutputChannelConfig,stage,EnforceRowMinLength,enforce_row_min_length,FileConfig,bool,scalar,-,,,,,,,,,,0,0,pending,unreviewed,,
OutputChannelConfig,stage,EolByte,eol_byte,FileConfig,byte,scalar,-,,,,,,,,,,0,0,pending,unreviewed,,
OutputChannelConfig,stage,FailOnEmptyColumnName,fail_on_empty_column_name,FileConfig,bool,scalar,-,,,,,,,,,,0,0,pending,unreviewed,,
OutputChannelConfig,stage,FileKey,file_key,FileConfig,string,scalar,-,,,,,,,,,,14,14,pending,unreviewed,,
OutputChannelConfig,stage,LookbackPeriods,lookback_periods,FileConfig,string,scalar,-,,,,,,,,,,0,0,pending,unreviewed,,
OutputChannelConfig,stage,FileName,file_name,FileConfig,string,scalar,-,,,,,,,,,,0,0,pending,unreviewed,,
OutputChannelConfig,stage,FixedWidthColumnsCsv,fixed_width_columns_csv,FileConfig,string,scalar,-,,,,,,,,,,0,0,pending,unreviewed,,
OutputChannelConfig,stage,Format,format,FileConfig,string,scalar,-,,,,,,,,,,96,93,pending,unreviewed,,
OutputChannelConfig,stage,InputFormatDataJson,input_format_data_json,FileConfig,string,scalar,-,,,,,,,,,,0,0,pending,unreviewed,,
OutputChannelConfig,stage,IsPartFiles,is_part_files,FileConfig,bool,scalar,-,,,,,,,,,,0,0,pending,unreviewed,,
OutputChannelConfig,stage,KeyPrefix,key_prefix,FileConfig,string,scalar,-,,,,,,,,,,0,0,pending,unreviewed,,
OutputChannelConfig,stage,MainInputRowCount,main_input_row_count,FileConfig,int64,scalar,-,,,,,,,,,,0,0,pending,unreviewed,,
OutputChannelConfig,stage,MultiColumnsInput,multi_columns_input,FileConfig,bool,scalar,-,,,,,,,,,,0,0,pending,unreviewed,,
OutputChannelConfig,stage,NbrRowsInRecord,nbr_rows_in_record,FileConfig,int64,scalar,-,,,,,,,,,,1,1,pending,unreviewed,,
OutputChannelConfig,stage,NoQuotes,no_quotes,FileConfig,bool,scalar,-,,,,,,,,,,0,0,pending,unreviewed,,
OutputChannelConfig,stage,ParquetSchema,parquet_schema,FileConfig,*ParquetSchemaInfo,object,ParquetSchemaInfo,,,,,,,,,,0,0,pending,unreviewed,,
OutputChannelConfig,stage,PutHeadersOnFirstPartition,put_headers_on_first_partition,FileConfig,bool,scalar,-,,,,,,,,,,3,3,pending,unreviewed,,
OutputChannelConfig,stage,QuoteAllRecords,quote_all_records,FileConfig,bool,scalar,-,,,,,,,,,,0,0,pending,unreviewed,,
OutputChannelConfig,stage,ReadBatchSize,read_batch_size,FileConfig,int64,scalar,-,,,,,,,,,,0,0,pending,unreviewed,,
OutputChannelConfig,stage,ReadDateLayout,read_date_layout,FileConfig,string,scalar,-,,,,,,,,,,0,0,pending,unreviewed,,
OutputChannelConfig,stage,ReorderColumnsOnRead,reorder_columns_on_read,FileConfig,[]int,array,-,,,,,,,,,,0,0,pending,unreviewed,,
OutputChannelConfig,stage,TrimColumns,trim_columns,FileConfig,bool,scalar,-,,,,,,,,,,0,0,pending,unreviewed,,
OutputChannelConfig,stage,UseLazyQuotes,use_lazy_quotes,FileConfig,bool,scalar,-,,,,,,,,,,0,0,pending,unreviewed,,
OutputChannelConfig,stage,UseLazyQuotesSpecial,use_lazy_quotes_special,FileConfig,bool,scalar,-,,,,,,,,,,0,0,pending,unreviewed,,
OutputChannelConfig,stage,VariableFieldsPerRecord,variable_fields_per_record,FileConfig,bool,scalar,-,,,,,,,,,,0,0,pending,unreviewed,,
OutputChannelConfig,stage,WriteDateLayout,write_date_layout,FileConfig,string,scalar,-,,,,,,,,,,0,0,pending,unreviewed,,
OutputChannelConfig,stage,OutputEncoding,output_encoding,FileConfig,string,scalar,-,,,,,,,,,,0,0,pending,unreviewed,,
OutputChannelConfig,stage,OutputEncodingSameAsInput,output_encoding_same_as_input,FileConfig,bool,scalar,-,,,,,,,,,,0,0,pending,unreviewed,,
OutputChannelConfig,stage,Type,type,OutputChannelConfig,string,scalar,-,,,,,,,,,,136,133,pending,unreviewed,,
OutputChannelConfig,stage,Name,name,OutputChannelConfig,string,scalar,-,,,,,,,,,,136,133,pending,unreviewed,,
OutputChannelConfig,stage,UseOriginalHeaders,use_original_headers,OutputChannelConfig,bool,scalar,-,,,,,,,,,,3,3,pending,unreviewed,,
OutputChannelConfig,stage,UseInputParquetSchema,use_input_parquet_schema,OutputChannelConfig,bool,scalar,-,,,,,,,,,,2,2,pending,unreviewed,,
OutputChannelConfig,stage,SchemaProvider,schema_provider,OutputChannelConfig,string,scalar,-,,,,,,,,,,11,11,pending,unreviewed,,
OutputChannelConfig,stage,WriteStepId,write_step_id,OutputChannelConfig,string,scalar,-,,,,,,,,,,122,119,pending,unreviewed,,
OutputChannelConfig,stage,OutputTableKey,output_table_key,OutputChannelConfig,string,scalar,-,,,,,,,,,,0,0,pending,unreviewed,,
OutputChannelConfig,stage,FileKey2,output_location,OutputChannelConfig,string,scalar,-,,,,,,,,,,0,0,pending,unreviewed,,
OutputChannelConfig,stage,SpecName,channel_spec_name,OutputChannelConfig,string,scalar,-,,,,,,,,,,136,133,pending,unreviewed,,
OutputChannelConfig,output,Comment,comment,OutputChannelConfig,string,scalar,-,,,,,,,,,,0,0,pending,unreviewed,,
OutputChannelConfig,output,BadRowsConfig,bad_rows_config,FileConfig,*BadRowsSpec,object,BadRowsSpec,,,,,,,,,,0,0,pending,unreviewed,,
OutputChannelConfig,output,BlankFieldMarkers,blank_field_markers,FileConfig,*BlankFieldMarkersSpec,object,BlankFieldMarkersSpec,,,,,,,,,,0,0,pending,unreviewed,,
OutputChannelConfig,output,Bucket,bucket,FileConfig,string,scalar,-,,,,,,,,,,3,3,pending,unreviewed,,
OutputChannelConfig,output,Compression,compression,FileConfig,string,scalar,-,,,,,,,,,,4,2,pending,unreviewed,,
OutputChannelConfig,output,Delimiter,delimiter,FileConfig,rune,scalar,-,,,,,,,,,,0,0,pending,unreviewed,,
OutputChannelConfig,output,DetectCrAsEol,detect_cr_as_eol,FileConfig,bool,scalar,-,,,,,,,,,,0,0,pending,unreviewed,,
OutputChannelConfig,output,DetectEncoding,detect_encoding,FileConfig,bool,scalar,-,,,,,,,,,,0,0,pending,unreviewed,,
OutputChannelConfig,output,DiscardFileHeaders,discard_file_headers,FileConfig,bool,scalar,-,,,,,,,,,,0,0,pending,unreviewed,,
OutputChannelConfig,output,DomainClass,domain_class,FileConfig,string,scalar,-,,,,,,,,,,0,0,pending,unreviewed,,
OutputChannelConfig,output,DomainKeys,domain_keys,FileConfig,map[string]any,map,-,,,,,,,,,,0,0,pending,unreviewed,,
OutputChannelConfig,output,DropExcedentHeaders,drop_excedent_headers,FileConfig,bool,scalar,-,,,,,,,,,,0,0,pending,unreviewed,,
OutputChannelConfig,output,Encoding,encoding,FileConfig,string,scalar,-,,,,,,,,,,0,0,pending,unreviewed,,
OutputChannelConfig,output,EnforceRowMaxLength,enforce_row_max_length,FileConfig,bool,scalar,-,,,,,,,,,,0,0,pending,unreviewed,,
OutputChannelConfig,output,EnforceRowMinLength,enforce_row_min_length,FileConfig,bool,scalar,-,,,,,,,,,,0,0,pending,unreviewed,,
OutputChannelConfig,output,EolByte,eol_byte,FileConfig,byte,scalar,-,,,,,,,,,,0,0,pending,unreviewed,,
OutputChannelConfig,output,FailOnEmptyColumnName,fail_on_empty_column_name,FileConfig,bool,scalar,-,,,,,,,,,,0,0,pending,unreviewed,,
OutputChannelConfig,output,FileKey,file_key,FileConfig,string,scalar,-,,,,,,,,,,0,0,pending,unreviewed,,
OutputChannelConfig,output,LookbackPeriods,lookback_periods,FileConfig,string,scalar,-,,,,,,,,,,0,0,pending,unreviewed,,
OutputChannelConfig,output,FileName,file_name,FileConfig,string,scalar,-,,,,,,,,,,6,3,pending,unreviewed,,
OutputChannelConfig,output,FixedWidthColumnsCsv,fixed_width_columns_csv,FileConfig,string,scalar,-,,,,,,,,,,0,0,pending,unreviewed,,
OutputChannelConfig,output,Format,format,FileConfig,string,scalar,-,,,,,,,,,,4,2,pending,unreviewed,,
OutputChannelConfig,output,InputFormatDataJson,input_format_data_json,FileConfig,string,scalar,-,,,,,,,,,,0,0,pending,unreviewed,,
OutputChannelConfig,output,IsPartFiles,is_part_files,FileConfig,bool,scalar,-,,,,,,,,,,0,0,pending,unreviewed,,
OutputChannelConfig,output,KeyPrefix,key_prefix,FileConfig,string,scalar,-,,,,,,,,,,8,5,pending,unreviewed,,
OutputChannelConfig,output,MainInputRowCount,main_input_row_count,FileConfig,int64,scalar,-,,,,,,,,,,0,0,pending,unreviewed,,
OutputChannelConfig,output,MultiColumnsInput,multi_columns_input,FileConfig,bool,scalar,-,,,,,,,,,,0,0,pending,unreviewed,,
OutputChannelConfig,output,NbrRowsInRecord,nbr_rows_in_record,FileConfig,int64,scalar,-,,,,,,,,,,0,0,pending,unreviewed,,
OutputChannelConfig,output,NoQuotes,no_quotes,FileConfig,bool,scalar,-,,,,,,,,,,1,1,pending,unreviewed,,
OutputChannelConfig,output,ParquetSchema,parquet_schema,FileConfig,*ParquetSchemaInfo,object,ParquetSchemaInfo,,,,,,,,,,0,0,pending,unreviewed,,
OutputChannelConfig,output,PutHeadersOnFirstPartition,put_headers_on_first_partition,FileConfig,bool,scalar,-,,,,,,,,,,0,0,pending,unreviewed,,
OutputChannelConfig,output,QuoteAllRecords,quote_all_records,FileConfig,bool,scalar,-,,,,,,,,,,0,0,pending,unreviewed,,
OutputChannelConfig,output,ReadBatchSize,read_batch_size,FileConfig,int64,scalar,-,,,,,,,,,,0,0,pending,unreviewed,,
OutputChannelConfig,output,ReadDateLayout,read_date_layout,FileConfig,string,scalar,-,,,,,,,,,,0,0,pending,unreviewed,,
OutputChannelConfig,output,ReorderColumnsOnRead,reorder_columns_on_read,FileConfig,[]int,array,-,,,,,,,,,,0,0,pending,unreviewed,,
OutputChannelConfig,output,TrimColumns,trim_columns,FileConfig,bool,scalar,-,,,,,,,,,,0,0,pending,unreviewed,,
OutputChannelConfig,output,UseLazyQuotes,use_lazy_quotes,FileConfig,bool,scalar,-,,,,,,,,,,0,0,pending,unreviewed,,
OutputChannelConfig,output,UseLazyQuotesSpecial,use_lazy_quotes_special,FileConfig,bool,scalar,-,,,,,,,,,,0,0,pending,unreviewed,,
OutputChannelConfig,output,VariableFieldsPerRecord,variable_fields_per_record,FileConfig,bool,scalar,-,,,,,,,,,,0,0,pending,unreviewed,,
OutputChannelConfig,output,WriteDateLayout,write_date_layout,FileConfig,string,scalar,-,,,,,,,,,,0,0,pending,unreviewed,,
OutputChannelConfig,output,OutputEncoding,output_encoding,FileConfig,string,scalar,-,,,,,,,,,,0,0,pending,unreviewed,,
OutputChannelConfig,output,OutputEncodingSameAsInput,output_encoding_same_as_input,FileConfig,bool,scalar,-,,,,,,,,,,0,0,pending,unreviewed,,
OutputChannelConfig,output,Type,type,OutputChannelConfig,string,scalar,-,,,,,,,,,,9,6,pending,unreviewed,,
OutputChannelConfig,output,Name,name,OutputChannelConfig,string,scalar,-,,,,,,,,,,9,6,pending,unreviewed,,
OutputChannelConfig,output,UseOriginalHeaders,use_original_headers,OutputChannelConfig,bool,scalar,-,,,,,,,,,,2,2,pending,unreviewed,,
OutputChannelConfig,output,UseInputParquetSchema,use_input_parquet_schema,OutputChannelConfig,bool,scalar,-,,,,,,,,,,2,2,pending,unreviewed,,
OutputChannelConfig,output,SchemaProvider,schema_provider,OutputChannelConfig,string,scalar,-,,,,,,,,,,5,4,pending,unreviewed,,
OutputChannelConfig,output,WriteStepId,write_step_id,OutputChannelConfig,string,scalar,-,,,,,,,,,,1,1,pending,unreviewed,,
OutputChannelConfig,output,OutputTableKey,output_table_key,OutputChannelConfig,string,scalar,-,,,,,,,,,,0,0,pending,unreviewed,,
OutputChannelConfig,output,FileKey2,output_location,OutputChannelConfig,string,scalar,-,,,,,,,,,,5,5,pending,unreviewed,,
OutputChannelConfig,output,SpecName,channel_spec_name,OutputChannelConfig,string,scalar,-,,,,,,,,,,9,6,pending,unreviewed,,
OutputChannelConfig,sql,Comment,comment,OutputChannelConfig,string,scalar,-,,,,,,,,,,0,0,pending,unreviewed,,
OutputChannelConfig,sql,BadRowsConfig,bad_rows_config,FileConfig,*BadRowsSpec,object,BadRowsSpec,,,,,,,,,,0,0,pending,unreviewed,,
OutputChannelConfig,sql,BlankFieldMarkers,blank_field_markers,FileConfig,*BlankFieldMarkersSpec,object,BlankFieldMarkersSpec,,,,,,,,,,0,0,pending,unreviewed,,
OutputChannelConfig,sql,Bucket,bucket,FileConfig,string,scalar,-,,,,,,,,,,0,0,pending,unreviewed,,
OutputChannelConfig,sql,Compression,compression,FileConfig,string,scalar,-,,,,,,,,,,0,0,pending,unreviewed,,
OutputChannelConfig,sql,Delimiter,delimiter,FileConfig,rune,scalar,-,,,,,,,,,,0,0,pending,unreviewed,,
OutputChannelConfig,sql,DetectCrAsEol,detect_cr_as_eol,FileConfig,bool,scalar,-,,,,,,,,,,0,0,pending,unreviewed,,
OutputChannelConfig,sql,DetectEncoding,detect_encoding,FileConfig,bool,scalar,-,,,,,,,,,,0,0,pending,unreviewed,,
OutputChannelConfig,sql,DiscardFileHeaders,discard_file_headers,FileConfig,bool,scalar,-,,,,,,,,,,0,0,pending,unreviewed,,
OutputChannelConfig,sql,DomainClass,domain_class,FileConfig,string,scalar,-,,,,,,,,,,0,0,pending,unreviewed,,
OutputChannelConfig,sql,DomainKeys,domain_keys,FileConfig,map[string]any,map,-,,,,,,,,,,0,0,pending,unreviewed,,
OutputChannelConfig,sql,DropExcedentHeaders,drop_excedent_headers,FileConfig,bool,scalar,-,,,,,,,,,,0,0,pending,unreviewed,,
OutputChannelConfig,sql,Encoding,encoding,FileConfig,string,scalar,-,,,,,,,,,,0,0,pending,unreviewed,,
OutputChannelConfig,sql,EnforceRowMaxLength,enforce_row_max_length,FileConfig,bool,scalar,-,,,,,,,,,,0,0,pending,unreviewed,,
OutputChannelConfig,sql,EnforceRowMinLength,enforce_row_min_length,FileConfig,bool,scalar,-,,,,,,,,,,0,0,pending,unreviewed,,
OutputChannelConfig,sql,EolByte,eol_byte,FileConfig,byte,scalar,-,,,,,,,,,,0,0,pending,unreviewed,,
OutputChannelConfig,sql,FailOnEmptyColumnName,fail_on_empty_column_name,FileConfig,bool,scalar,-,,,,,,,,,,0,0,pending,unreviewed,,
OutputChannelConfig,sql,FileKey,file_key,FileConfig,string,scalar,-,,,,,,,,,,0,0,pending,unreviewed,,
OutputChannelConfig,sql,LookbackPeriods,lookback_periods,FileConfig,string,scalar,-,,,,,,,,,,0,0,pending,unreviewed,,
OutputChannelConfig,sql,FileName,file_name,FileConfig,string,scalar,-,,,,,,,,,,0,0,pending,unreviewed,,
OutputChannelConfig,sql,FixedWidthColumnsCsv,fixed_width_columns_csv,FileConfig,string,scalar,-,,,,,,,,,,0,0,pending,unreviewed,,
OutputChannelConfig,sql,Format,format,FileConfig,string,scalar,-,,,,,,,,,,0,0,pending,unreviewed,,
OutputChannelConfig,sql,InputFormatDataJson,input_format_data_json,FileConfig,string,scalar,-,,,,,,,,,,0,0,pending,unreviewed,,
OutputChannelConfig,sql,IsPartFiles,is_part_files,FileConfig,bool,scalar,-,,,,,,,,,,0,0,pending,unreviewed,,
OutputChannelConfig,sql,KeyPrefix,key_prefix,FileConfig,string,scalar,-,,,,,,,,,,0,0,pending,unreviewed,,
OutputChannelConfig,sql,MainInputRowCount,main_input_row_count,FileConfig,int64,scalar,-,,,,,,,,,,0,0,pending,unreviewed,,
OutputChannelConfig,sql,MultiColumnsInput,multi_columns_input,FileConfig,bool,scalar,-,,,,,,,,,,0,0,pending,unreviewed,,
OutputChannelConfig,sql,NbrRowsInRecord,nbr_rows_in_record,FileConfig,int64,scalar,-,,,,,,,,,,0,0,pending,unreviewed,,
OutputChannelConfig,sql,NoQuotes,no_quotes,FileConfig,bool,scalar,-,,,,,,,,,,0,0,pending,unreviewed,,
OutputChannelConfig,sql,ParquetSchema,parquet_schema,FileConfig,*ParquetSchemaInfo,object,ParquetSchemaInfo,,,,,,,,,,0,0,pending,unreviewed,,
OutputChannelConfig,sql,PutHeadersOnFirstPartition,put_headers_on_first_partition,FileConfig,bool,scalar,-,,,,,,,,,,0,0,pending,unreviewed,,
OutputChannelConfig,sql,QuoteAllRecords,quote_all_records,FileConfig,bool,scalar,-,,,,,,,,,,0,0,pending,unreviewed,,
OutputChannelConfig,sql,ReadBatchSize,read_batch_size,FileConfig,int64,scalar,-,,,,,,,,,,0,0,pending,unreviewed,,
OutputChannelConfig,sql,ReadDateLayout,read_date_layout,FileConfig,string,scalar,-,,,,,,,,,,0,0,pending,unreviewed,,
OutputChannelConfig,sql,ReorderColumnsOnRead,reorder_columns_on_read,FileConfig,[]int,array,-,,,,,,,,,,0,0,pending,unreviewed,,
OutputChannelConfig,sql,TrimColumns,trim_columns,FileConfig,bool,scalar,-,,,,,,,,,,0,0,pending,unreviewed,,
OutputChannelConfig,sql,UseLazyQuotes,use_lazy_quotes,FileConfig,bool,scalar,-,,,,,,,,,,0,0,pending,unreviewed,,
OutputChannelConfig,sql,UseLazyQuotesSpecial,use_lazy_quotes_special,FileConfig,bool,scalar,-,,,,,,,,,,0,0,pending,unreviewed,,
OutputChannelConfig,sql,VariableFieldsPerRecord,variable_fields_per_record,FileConfig,bool,scalar,-,,,,,,,,,,0,0,pending,unreviewed,,
OutputChannelConfig,sql,WriteDateLayout,write_date_layout,FileConfig,string,scalar,-,,,,,,,,,,0,0,pending,unreviewed,,
OutputChannelConfig,sql,OutputEncoding,output_encoding,FileConfig,string,scalar,-,,,,,,,,,,0,0,pending,unreviewed,,
OutputChannelConfig,sql,OutputEncodingSameAsInput,output_encoding_same_as_input,FileConfig,bool,scalar,-,,,,,,,,,,0,0,pending,unreviewed,,
OutputChannelConfig,sql,Type,type,OutputChannelConfig,string,scalar,-,,,,,,,,,,38,38,pending,unreviewed,,
OutputChannelConfig,sql,Name,name,OutputChannelConfig,string,scalar,-,,,,,,,,,,0,0,pending,unreviewed,,
OutputChannelConfig,sql,UseOriginalHeaders,use_original_headers,OutputChannelConfig,bool,scalar,-,,,,,,,,,,0,0,pending,unreviewed,,
OutputChannelConfig,sql,UseInputParquetSchema,use_input_parquet_schema,OutputChannelConfig,bool,scalar,-,,,,,,,,,,0,0,pending,unreviewed,,
OutputChannelConfig,sql,SchemaProvider,schema_provider,OutputChannelConfig,string,scalar,-,,,,,,,,,,0,0,pending,unreviewed,,
OutputChannelConfig,sql,WriteStepId,write_step_id,OutputChannelConfig,string,scalar,-,,,,,,,,,,0,0,pending,unreviewed,,
OutputChannelConfig,sql,OutputTableKey,output_table_key,OutputChannelConfig,string,scalar,-,,,,,,,,,,38,38,pending,unreviewed,,
OutputChannelConfig,sql,FileKey2,output_location,OutputChannelConfig,string,scalar,-,,,,,,,,,,0,0,pending,unreviewed,,
OutputChannelConfig,sql,SpecName,channel_spec_name,OutputChannelConfig,string,scalar,-,,,,,,,,,,0,0,pending,unreviewed,,
ClusteringSpec,*,Comment,comment,ClusteringSpec,string,scalar,-,,,,,,,,,,0,0,pending,unreviewed,,
ClusteringSpec,*,MaxInputCount,max_input_count,ClusteringSpec,int,scalar,-,,,,,,,,,,1,1,pending,unreviewed,,
ClusteringSpec,*,MinColumn1NonNilCount,min_column1_non_null_count,ClusteringSpec,int,scalar,-,,,,,,,,,,0,0,pending,unreviewed,,
ClusteringSpec,*,MinColumn2NonNilCount,min_column2_non_null_count,ClusteringSpec,int,scalar,-,,,,,,,,,,0,0,pending,unreviewed,,
ClusteringSpec,*,TargetColumnsLookup,target_columns_lookup,ClusteringSpec,TargetColumnsLookupSpec,object,TargetColumnsLookupSpec,,,,,,,,,,1,1,pending,unreviewed,,
ClusteringSpec,*,ClusterDataSubclassification,cluster_data_subclassification,ClusteringSpec,[]string,array,-,,,,,,,,,,1,1,pending,unreviewed,,
ClusteringSpec,*,SoloDataSubclassification,solo_data_subclassification,ClusteringSpec,[]string,array,-,,,,,,,,,,0,0,pending,unreviewed,,
ClusteringSpec,*,TransitiveDataClassification,transitive_data_classification,ClusteringSpec,[]string,array,-,,,,,,,,,,0,0,pending,unreviewed,,
ClusteringSpec,*,IsDebug,is_debug,ClusteringSpec,bool,scalar,-,,,,,,,,,,1,1,pending,unreviewed,,
ClusteringSpec,*,CorrelationOutputChannel,correlation_output_channel,ClusteringSpec,*OutputChannelConfig,object,OutputChannelConfig,,,,,,,,,,1,1,pending,unreviewed,,
MergeSpec,*,Comment,comment,MergeSpec,string,scalar,-,,,,,,,,,,0,0,pending,unreviewed,,
MergeSpec,*,IsDebug,is_debug,MergeSpec,bool,scalar,-,,,,,,,,,,8,7,pending,unreviewed,,
MergeSpec,*,MainGroupBy,main_group_by,MergeSpec,GroupBySpec,object,GroupBySpec,,,,,,,,,,8,7,pending,unreviewed,,
MergeSpec,*,MergeGroupBy,merge_group_by,MergeSpec,[]*GroupBySpec,array,GroupBySpec,,,,,,,,,,0,0,pending,unreviewed,,
ConditionalTransformationSpec,*,Comment,comment,ConditionalTransformationSpec,string,scalar,-,,,,,,,,,,0,0,pending,unreviewed,,
ConditionalTransformationSpec,*,When,when,ConditionalTransformationSpec,ExpressionNode,object,ExpressionNode,,,,,,,,,,6,6,pending,unreviewed,,
ConditionalTransformationSpec,*,Then,then,ConditionalTransformationSpec,TransformationSpec,object,TransformationSpec,,,,,,,,,,6,6,pending,unreviewed,,
TransformationColumnSpec,avrg,Comment,comment,TransformationColumnSpec,string,scalar,-,,,,,,,,,,0,0,pending,unreviewed,,
TransformationColumnSpec,avrg,Name,name,TransformationColumnSpec,string,scalar,-,,,,,,,,,,1,1,pending,unreviewed,,
TransformationColumnSpec,avrg,Type,type,TransformationColumnSpec,string,scalar,-,,,,,,,,,,1,1,pending,unreviewed,,
TransformationColumnSpec,avrg,Expr,expr,TransformationColumnSpec,*string,scalar,-,,,,,,,,,,1,1,pending,unreviewed,,
TransformationColumnSpec,avrg,ExprArray,expr_array,TransformationColumnSpec,[]string,array,-,,,,,,,,,,0,0,pending,unreviewed,,
TransformationColumnSpec,avrg,MapExpr,map_expr,TransformationColumnSpec,*MapExpression,object,MapExpression,,,,,,,,,,0,0,pending,unreviewed,,
TransformationColumnSpec,avrg,EvalExpr,eval_expr,TransformationColumnSpec,*ExpressionNode,object,ExpressionNode,,,,,,,,,,0,0,pending,unreviewed,,
TransformationColumnSpec,avrg,HashExpr,hash_expr,TransformationColumnSpec,*HashExpression,object,HashExpression,,,,,,,,,,0,0,pending,unreviewed,,
TransformationColumnSpec,avrg,Where,where,TransformationColumnSpec,*ExpressionNode,object,ExpressionNode,,,,,,,,,,0,0,pending,unreviewed,,
TransformationColumnSpec,avrg,CaseExpr,case_expr,TransformationColumnSpec,[]CaseExpression,array,CaseExpression,,,,,,,,,,0,0,pending,unreviewed,,
TransformationColumnSpec,avrg,ElseExpr,else_expr,TransformationColumnSpec,[]*TransformationColumnSpec,array,TransformationColumnSpec,,,,,,,,,,0,0,pending,unreviewed,,
TransformationColumnSpec,avrg,MapOn,map_on,TransformationColumnSpec,*string,scalar,-,,,,,,,,,,0,0,pending,unreviewed,,
TransformationColumnSpec,avrg,AlternateMapOn,alternate_map_on,TransformationColumnSpec,[]string,array,-,,,,,,,,,,0,0,pending,unreviewed,,
TransformationColumnSpec,avrg,ApplyMap,apply_map,TransformationColumnSpec,[]TransformationColumnSpec,array,TransformationColumnSpec,,,,,,,,,,0,0,pending,unreviewed,,
TransformationColumnSpec,avrg,ApplyReduce,apply_reduce,TransformationColumnSpec,[]TransformationColumnSpec,array,TransformationColumnSpec,,,,,,,,,,0,0,pending,unreviewed,,
TransformationColumnSpec,avrg,LookupName,lookup_name,TransformationColumnSpec,*string,scalar,-,,,,,,,,,,0,0,pending,unreviewed,,
TransformationColumnSpec,avrg,LookupKey,key,TransformationColumnSpec,[]LookupColumnSpec,array,LookupColumnSpec,,,,,,,,,,0,0,pending,unreviewed,,
TransformationColumnSpec,avrg,LookupValues,values,TransformationColumnSpec,[]LookupColumnSpec,array,LookupColumnSpec,,,,,,,,,,0,0,pending,unreviewed,,
TransformationColumnSpec,avrg,MaxEnvVarSubstitution,max_env_var_substitution,TransformationColumnSpec,int,scalar,-,,,,,,,,,,0,0,pending,unreviewed,,
TransformationColumnSpec,avrg,AsRdfType,as_rdf_type,TransformationColumnSpec,string,scalar,-,,,,,,,,,,1,1,pending,unreviewed,,
TransformationColumnSpec,case,Comment,comment,TransformationColumnSpec,string,scalar,-,,,,,,,,,,0,0,pending,unreviewed,,
TransformationColumnSpec,case,Name,name,TransformationColumnSpec,string,scalar,-,,,,,,,,,,0,0,pending,unreviewed,,
TransformationColumnSpec,case,Type,type,TransformationColumnSpec,string,scalar,-,,,,,,,,,,30,30,pending,unreviewed,,
TransformationColumnSpec,case,Expr,expr,TransformationColumnSpec,*string,scalar,-,,,,,,,,,,0,0,pending,unreviewed,,
TransformationColumnSpec,case,ExprArray,expr_array,TransformationColumnSpec,[]string,array,-,,,,,,,,,,0,0,pending,unreviewed,,
TransformationColumnSpec,case,MapExpr,map_expr,TransformationColumnSpec,*MapExpression,object,MapExpression,,,,,,,,,,0,0,pending,unreviewed,,
TransformationColumnSpec,case,EvalExpr,eval_expr,TransformationColumnSpec,*ExpressionNode,object,ExpressionNode,,,,,,,,,,0,0,pending,unreviewed,,
TransformationColumnSpec,case,HashExpr,hash_expr,TransformationColumnSpec,*HashExpression,object,HashExpression,,,,,,,,,,0,0,pending,unreviewed,,
TransformationColumnSpec,case,Where,where,TransformationColumnSpec,*ExpressionNode,object,ExpressionNode,,,,,,,,,,0,0,pending,unreviewed,,
TransformationColumnSpec,case,CaseExpr,case_expr,TransformationColumnSpec,[]CaseExpression,array,CaseExpression,,,,,,,,,,30,30,pending,unreviewed,,
TransformationColumnSpec,case,ElseExpr,else_expr,TransformationColumnSpec,[]*TransformationColumnSpec,array,TransformationColumnSpec,,,,,,,,,,27,27,pending,unreviewed,,
TransformationColumnSpec,case,MapOn,map_on,TransformationColumnSpec,*string,scalar,-,,,,,,,,,,0,0,pending,unreviewed,,
TransformationColumnSpec,case,AlternateMapOn,alternate_map_on,TransformationColumnSpec,[]string,array,-,,,,,,,,,,0,0,pending,unreviewed,,
TransformationColumnSpec,case,ApplyMap,apply_map,TransformationColumnSpec,[]TransformationColumnSpec,array,TransformationColumnSpec,,,,,,,,,,0,0,pending,unreviewed,,
TransformationColumnSpec,case,ApplyReduce,apply_reduce,TransformationColumnSpec,[]TransformationColumnSpec,array,TransformationColumnSpec,,,,,,,,,,0,0,pending,unreviewed,,
TransformationColumnSpec,case,LookupName,lookup_name,TransformationColumnSpec,*string,scalar,-,,,,,,,,,,0,0,pending,unreviewed,,
TransformationColumnSpec,case,LookupKey,key,TransformationColumnSpec,[]LookupColumnSpec,array,LookupColumnSpec,,,,,,,,,,0,0,pending,unreviewed,,
TransformationColumnSpec,case,LookupValues,values,TransformationColumnSpec,[]LookupColumnSpec,array,LookupColumnSpec,,,,,,,,,,0,0,pending,unreviewed,,
TransformationColumnSpec,case,MaxEnvVarSubstitution,max_env_var_substitution,TransformationColumnSpec,int,scalar,-,,,,,,,,,,0,0,pending,unreviewed,,
TransformationColumnSpec,case,AsRdfType,as_rdf_type,TransformationColumnSpec,string,scalar,-,,,,,,,,,,0,0,pending,unreviewed,,
TransformationColumnSpec,count,Comment,comment,TransformationColumnSpec,string,scalar,-,,,,,,,,,,0,0,pending,unreviewed,,
TransformationColumnSpec,count,Name,name,TransformationColumnSpec,string,scalar,-,,,,,,,,,,147,147,pending,unreviewed,,
TransformationColumnSpec,count,Type,type,TransformationColumnSpec,string,scalar,-,,,,,,,,,,147,147,pending,unreviewed,,
TransformationColumnSpec,count,Expr,expr,TransformationColumnSpec,*string,scalar,-,,,,,,,,,,147,147,pending,unreviewed,,
TransformationColumnSpec,count,ExprArray,expr_array,TransformationColumnSpec,[]string,array,-,,,,,,,,,,0,0,pending,unreviewed,,
TransformationColumnSpec,count,MapExpr,map_expr,TransformationColumnSpec,*MapExpression,object,MapExpression,,,,,,,,,,0,0,pending,unreviewed,,
TransformationColumnSpec,count,EvalExpr,eval_expr,TransformationColumnSpec,*ExpressionNode,object,ExpressionNode,,,,,,,,,,0,0,pending,unreviewed,,
TransformationColumnSpec,count,HashExpr,hash_expr,TransformationColumnSpec,*HashExpression,object,HashExpression,,,,,,,,,,0,0,pending,unreviewed,,
TransformationColumnSpec,count,Where,where,TransformationColumnSpec,*ExpressionNode,object,ExpressionNode,,,,,,,,,,136,136,pending,unreviewed,,
TransformationColumnSpec,count,CaseExpr,case_expr,TransformationColumnSpec,[]CaseExpression,array,CaseExpression,,,,,,,,,,0,0,pending,unreviewed,,
TransformationColumnSpec,count,ElseExpr,else_expr,TransformationColumnSpec,[]*TransformationColumnSpec,array,TransformationColumnSpec,,,,,,,,,,0,0,pending,unreviewed,,
TransformationColumnSpec,count,MapOn,map_on,TransformationColumnSpec,*string,scalar,-,,,,,,,,,,0,0,pending,unreviewed,,
TransformationColumnSpec,count,AlternateMapOn,alternate_map_on,TransformationColumnSpec,[]string,array,-,,,,,,,,,,0,0,pending,unreviewed,,
TransformationColumnSpec,count,ApplyMap,apply_map,TransformationColumnSpec,[]TransformationColumnSpec,array,TransformationColumnSpec,,,,,,,,,,0,0,pending,unreviewed,,
TransformationColumnSpec,count,ApplyReduce,apply_reduce,TransformationColumnSpec,[]TransformationColumnSpec,array,TransformationColumnSpec,,,,,,,,,,0,0,pending,unreviewed,,
TransformationColumnSpec,count,LookupName,lookup_name,TransformationColumnSpec,*string,scalar,-,,,,,,,,,,0,0,pending,unreviewed,,
TransformationColumnSpec,count,LookupKey,key,TransformationColumnSpec,[]LookupColumnSpec,array,LookupColumnSpec,,,,,,,,,,0,0,pending,unreviewed,,
TransformationColumnSpec,count,LookupValues,values,TransformationColumnSpec,[]LookupColumnSpec,array,LookupColumnSpec,,,,,,,,,,0,0,pending,unreviewed,,
TransformationColumnSpec,count,MaxEnvVarSubstitution,max_env_var_substitution,TransformationColumnSpec,int,scalar,-,,,,,,,,,,0,0,pending,unreviewed,,
TransformationColumnSpec,count,AsRdfType,as_rdf_type,TransformationColumnSpec,string,scalar,-,,,,,,,,,,0,0,pending,unreviewed,,
TransformationColumnSpec,distinct_count,Comment,comment,TransformationColumnSpec,string,scalar,-,,,,,,,,,,0,0,pending,unreviewed,,
TransformationColumnSpec,distinct_count,Name,name,TransformationColumnSpec,string,scalar,-,,,,,,,,,,13,13,pending,unreviewed,,
TransformationColumnSpec,distinct_count,Type,type,TransformationColumnSpec,string,scalar,-,,,,,,,,,,13,13,pending,unreviewed,,
TransformationColumnSpec,distinct_count,Expr,expr,TransformationColumnSpec,*string,scalar,-,,,,,,,,,,13,13,pending,unreviewed,,
TransformationColumnSpec,distinct_count,ExprArray,expr_array,TransformationColumnSpec,[]string,array,-,,,,,,,,,,0,0,pending,unreviewed,,
TransformationColumnSpec,distinct_count,MapExpr,map_expr,TransformationColumnSpec,*MapExpression,object,MapExpression,,,,,,,,,,0,0,pending,unreviewed,,
TransformationColumnSpec,distinct_count,EvalExpr,eval_expr,TransformationColumnSpec,*ExpressionNode,object,ExpressionNode,,,,,,,,,,0,0,pending,unreviewed,,
TransformationColumnSpec,distinct_count,HashExpr,hash_expr,TransformationColumnSpec,*HashExpression,object,HashExpression,,,,,,,,,,0,0,pending,unreviewed,,
TransformationColumnSpec,distinct_count,Where,where,TransformationColumnSpec,*ExpressionNode,object,ExpressionNode,,,,,,,,,,0,0,pending,unreviewed,,
TransformationColumnSpec,distinct_count,CaseExpr,case_expr,TransformationColumnSpec,[]CaseExpression,array,CaseExpression,,,,,,,,,,0,0,pending,unreviewed,,
TransformationColumnSpec,distinct_count,ElseExpr,else_expr,TransformationColumnSpec,[]*TransformationColumnSpec,array,TransformationColumnSpec,,,,,,,,,,0,0,pending,unreviewed,,
TransformationColumnSpec,distinct_count,MapOn,map_on,TransformationColumnSpec,*string,scalar,-,,,,,,,,,,0,0,pending,unreviewed,,
TransformationColumnSpec,distinct_count,AlternateMapOn,alternate_map_on,TransformationColumnSpec,[]string,array,-,,,,,,,,,,0,0,pending,unreviewed,,
TransformationColumnSpec,distinct_count,ApplyMap,apply_map,TransformationColumnSpec,[]TransformationColumnSpec,array,TransformationColumnSpec,,,,,,,,,,0,0,pending,unreviewed,,
TransformationColumnSpec,distinct_count,ApplyReduce,apply_reduce,TransformationColumnSpec,[]TransformationColumnSpec,array,TransformationColumnSpec,,,,,,,,,,0,0,pending,unreviewed,,
TransformationColumnSpec,distinct_count,LookupName,lookup_name,TransformationColumnSpec,*string,scalar,-,,,,,,,,,,0,0,pending,unreviewed,,
TransformationColumnSpec,distinct_count,LookupKey,key,TransformationColumnSpec,[]LookupColumnSpec,array,LookupColumnSpec,,,,,,,,,,0,0,pending,unreviewed,,
TransformationColumnSpec,distinct_count,LookupValues,values,TransformationColumnSpec,[]LookupColumnSpec,array,LookupColumnSpec,,,,,,,,,,0,0,pending,unreviewed,,
TransformationColumnSpec,distinct_count,MaxEnvVarSubstitution,max_env_var_substitution,TransformationColumnSpec,int,scalar,-,,,,,,,,,,0,0,pending,unreviewed,,
TransformationColumnSpec,distinct_count,AsRdfType,as_rdf_type,TransformationColumnSpec,string,scalar,-,,,,,,,,,,0,0,pending,unreviewed,,
TransformationColumnSpec,eval,Comment,comment,TransformationColumnSpec,string,scalar,-,,,,,,,,,,0,0,pending,unreviewed,,
TransformationColumnSpec,eval,Name,name,TransformationColumnSpec,string,scalar,-,,,,,,,,,,72,72,pending,unreviewed,,
TransformationColumnSpec,eval,Type,type,TransformationColumnSpec,string,scalar,-,,,,,,,,,,72,72,pending,unreviewed,,
TransformationColumnSpec,eval,Expr,expr,TransformationColumnSpec,*string,scalar,-,,,,,,,,,,0,0,pending,unreviewed,,
TransformationColumnSpec,eval,ExprArray,expr_array,TransformationColumnSpec,[]string,array,-,,,,,,,,,,0,0,pending,unreviewed,,
TransformationColumnSpec,eval,MapExpr,map_expr,TransformationColumnSpec,*MapExpression,object,MapExpression,,,,,,,,,,0,0,pending,unreviewed,,
TransformationColumnSpec,eval,EvalExpr,eval_expr,TransformationColumnSpec,*ExpressionNode,object,ExpressionNode,,,,,,,,,,72,72,pending,unreviewed,,
TransformationColumnSpec,eval,HashExpr,hash_expr,TransformationColumnSpec,*HashExpression,object,HashExpression,,,,,,,,,,0,0,pending,unreviewed,,
TransformationColumnSpec,eval,Where,where,TransformationColumnSpec,*ExpressionNode,object,ExpressionNode,,,,,,,,,,0,0,pending,unreviewed,,
TransformationColumnSpec,eval,CaseExpr,case_expr,TransformationColumnSpec,[]CaseExpression,array,CaseExpression,,,,,,,,,,0,0,pending,unreviewed,,
TransformationColumnSpec,eval,ElseExpr,else_expr,TransformationColumnSpec,[]*TransformationColumnSpec,array,TransformationColumnSpec,,,,,,,,,,0,0,pending,unreviewed,,
TransformationColumnSpec,eval,MapOn,map_on,TransformationColumnSpec,*string,scalar,-,,,,,,,,,,0,0,pending,unreviewed,,
TransformationColumnSpec,eval,AlternateMapOn,alternate_map_on,TransformationColumnSpec,[]string,array,-,,,,,,,,,,0,0,pending,unreviewed,,
TransformationColumnSpec,eval,ApplyMap,apply_map,TransformationColumnSpec,[]TransformationColumnSpec,array,TransformationColumnSpec,,,,,,,,,,0,0,pending,unreviewed,,
TransformationColumnSpec,eval,ApplyReduce,apply_reduce,TransformationColumnSpec,[]TransformationColumnSpec,array,TransformationColumnSpec,,,,,,,,,,0,0,pending,unreviewed,,
TransformationColumnSpec,eval,LookupName,lookup_name,TransformationColumnSpec,*string,scalar,-,,,,,,,,,,0,0,pending,unreviewed,,
TransformationColumnSpec,eval,LookupKey,key,TransformationColumnSpec,[]LookupColumnSpec,array,LookupColumnSpec,,,,,,,,,,0,0,pending,unreviewed,,
TransformationColumnSpec,eval,LookupValues,values,TransformationColumnSpec,[]LookupColumnSpec,array,LookupColumnSpec,,,,,,,,,,0,0,pending,unreviewed,,
TransformationColumnSpec,eval,MaxEnvVarSubstitution,max_env_var_substitution,TransformationColumnSpec,int,scalar,-,,,,,,,,,,0,0,pending,unreviewed,,
TransformationColumnSpec,eval,AsRdfType,as_rdf_type,TransformationColumnSpec,string,scalar,-,,,,,,,,,,0,0,pending,unreviewed,,
TransformationColumnSpec,hash,Comment,comment,TransformationColumnSpec,string,scalar,-,,,,,,,,,,0,0,pending,unreviewed,,
TransformationColumnSpec,hash,Name,name,TransformationColumnSpec,string,scalar,-,,,,,,,,,,28,28,pending,unreviewed,,
TransformationColumnSpec,hash,Type,type,TransformationColumnSpec,string,scalar,-,,,,,,,,,,28,28,pending,unreviewed,,
TransformationColumnSpec,hash,Expr,expr,TransformationColumnSpec,*string,scalar,-,,,,,,,,,,0,0,pending,unreviewed,,
TransformationColumnSpec,hash,ExprArray,expr_array,TransformationColumnSpec,[]string,array,-,,,,,,,,,,0,0,pending,unreviewed,,
TransformationColumnSpec,hash,MapExpr,map_expr,TransformationColumnSpec,*MapExpression,object,MapExpression,,,,,,,,,,0,0,pending,unreviewed,,
TransformationColumnSpec,hash,EvalExpr,eval_expr,TransformationColumnSpec,*ExpressionNode,object,ExpressionNode,,,,,,,,,,0,0,pending,unreviewed,,
TransformationColumnSpec,hash,HashExpr,hash_expr,TransformationColumnSpec,*HashExpression,object,HashExpression,,,,,,,,,,28,28,pending,unreviewed,,
TransformationColumnSpec,hash,Where,where,TransformationColumnSpec,*ExpressionNode,object,ExpressionNode,,,,,,,,,,0,0,pending,unreviewed,,
TransformationColumnSpec,hash,CaseExpr,case_expr,TransformationColumnSpec,[]CaseExpression,array,CaseExpression,,,,,,,,,,0,0,pending,unreviewed,,
TransformationColumnSpec,hash,ElseExpr,else_expr,TransformationColumnSpec,[]*TransformationColumnSpec,array,TransformationColumnSpec,,,,,,,,,,0,0,pending,unreviewed,,
TransformationColumnSpec,hash,MapOn,map_on,TransformationColumnSpec,*string,scalar,-,,,,,,,,,,0,0,pending,unreviewed,,
TransformationColumnSpec,hash,AlternateMapOn,alternate_map_on,TransformationColumnSpec,[]string,array,-,,,,,,,,,,0,0,pending,unreviewed,,
TransformationColumnSpec,hash,ApplyMap,apply_map,TransformationColumnSpec,[]TransformationColumnSpec,array,TransformationColumnSpec,,,,,,,,,,0,0,pending,unreviewed,,
TransformationColumnSpec,hash,ApplyReduce,apply_reduce,TransformationColumnSpec,[]TransformationColumnSpec,array,TransformationColumnSpec,,,,,,,,,,0,0,pending,unreviewed,,
TransformationColumnSpec,hash,LookupName,lookup_name,TransformationColumnSpec,*string,scalar,-,,,,,,,,,,0,0,pending,unreviewed,,
TransformationColumnSpec,hash,LookupKey,key,TransformationColumnSpec,[]LookupColumnSpec,array,LookupColumnSpec,,,,,,,,,,0,0,pending,unreviewed,,
TransformationColumnSpec,hash,LookupValues,values,TransformationColumnSpec,[]LookupColumnSpec,array,LookupColumnSpec,,,,,,,,,,0,0,pending,unreviewed,,
TransformationColumnSpec,hash,MaxEnvVarSubstitution,max_env_var_substitution,TransformationColumnSpec,int,scalar,-,,,,,,,,,,0,0,pending,unreviewed,,
TransformationColumnSpec,hash,AsRdfType,as_rdf_type,TransformationColumnSpec,string,scalar,-,,,,,,,,,,0,0,pending,unreviewed,,
TransformationColumnSpec,lookup,Comment,comment,TransformationColumnSpec,string,scalar,-,,,,,,,,,,0,0,pending,unreviewed,,
TransformationColumnSpec,lookup,Name,name,TransformationColumnSpec,string,scalar,-,,,,,,,,,,0,0,pending,unreviewed,,
TransformationColumnSpec,lookup,Type,type,TransformationColumnSpec,string,scalar,-,,,,,,,,,,9,9,pending,unreviewed,,
TransformationColumnSpec,lookup,Expr,expr,TransformationColumnSpec,*string,scalar,-,,,,,,,,,,0,0,pending,unreviewed,,
TransformationColumnSpec,lookup,ExprArray,expr_array,TransformationColumnSpec,[]string,array,-,,,,,,,,,,0,0,pending,unreviewed,,
TransformationColumnSpec,lookup,MapExpr,map_expr,TransformationColumnSpec,*MapExpression,object,MapExpression,,,,,,,,,,0,0,pending,unreviewed,,
TransformationColumnSpec,lookup,EvalExpr,eval_expr,TransformationColumnSpec,*ExpressionNode,object,ExpressionNode,,,,,,,,,,0,0,pending,unreviewed,,
TransformationColumnSpec,lookup,HashExpr,hash_expr,TransformationColumnSpec,*HashExpression,object,HashExpression,,,,,,,,,,0,0,pending,unreviewed,,
TransformationColumnSpec,lookup,Where,where,TransformationColumnSpec,*ExpressionNode,object,ExpressionNode,,,,,,,,,,0,0,pending,unreviewed,,
TransformationColumnSpec,lookup,CaseExpr,case_expr,TransformationColumnSpec,[]CaseExpression,array,CaseExpression,,,,,,,,,,0,0,pending,unreviewed,,
TransformationColumnSpec,lookup,ElseExpr,else_expr,TransformationColumnSpec,[]*TransformationColumnSpec,array,TransformationColumnSpec,,,,,,,,,,0,0,pending,unreviewed,,
TransformationColumnSpec,lookup,MapOn,map_on,TransformationColumnSpec,*string,scalar,-,,,,,,,,,,0,0,pending,unreviewed,,
TransformationColumnSpec,lookup,AlternateMapOn,alternate_map_on,TransformationColumnSpec,[]string,array,-,,,,,,,,,,0,0,pending,unreviewed,,
TransformationColumnSpec,lookup,ApplyMap,apply_map,TransformationColumnSpec,[]TransformationColumnSpec,array,TransformationColumnSpec,,,,,,,,,,0,0,pending,unreviewed,,
TransformationColumnSpec,lookup,ApplyReduce,apply_reduce,TransformationColumnSpec,[]TransformationColumnSpec,array,TransformationColumnSpec,,,,,,,,,,0,0,pending,unreviewed,,
TransformationColumnSpec,lookup,LookupName,lookup_name,TransformationColumnSpec,*string,scalar,-,,,,,,,,,,9,9,pending,unreviewed,,
TransformationColumnSpec,lookup,LookupKey,key,TransformationColumnSpec,[]LookupColumnSpec,array,LookupColumnSpec,,,,,,,,,,9,9,pending,unreviewed,,
TransformationColumnSpec,lookup,LookupValues,values,TransformationColumnSpec,[]LookupColumnSpec,array,LookupColumnSpec,,,,,,,,,,9,9,pending,unreviewed,,
TransformationColumnSpec,lookup,MaxEnvVarSubstitution,max_env_var_substitution,TransformationColumnSpec,int,scalar,-,,,,,,,,,,0,0,pending,unreviewed,,
TransformationColumnSpec,lookup,AsRdfType,as_rdf_type,TransformationColumnSpec,string,scalar,-,,,,,,,,,,0,0,pending,unreviewed,,
TransformationColumnSpec,map,Comment,comment,TransformationColumnSpec,string,scalar,-,,,,,,,,,,0,0,pending,unreviewed,,
TransformationColumnSpec,map,Name,name,TransformationColumnSpec,string,scalar,-,,,,,,,,,,242,242,pending,unreviewed,,
TransformationColumnSpec,map,Type,type,TransformationColumnSpec,string,scalar,-,,,,,,,,,,242,242,pending,unreviewed,,
TransformationColumnSpec,map,Expr,expr,TransformationColumnSpec,*string,scalar,-,,,,,,,,,,242,242,pending,unreviewed,,
TransformationColumnSpec,map,ExprArray,expr_array,TransformationColumnSpec,[]string,array,-,,,,,,,,,,0,0,pending,unreviewed,,
TransformationColumnSpec,map,MapExpr,map_expr,TransformationColumnSpec,*MapExpression,object,MapExpression,,,,,,,,,,242,242,pending,unreviewed,,
TransformationColumnSpec,map,EvalExpr,eval_expr,TransformationColumnSpec,*ExpressionNode,object,ExpressionNode,,,,,,,,,,0,0,pending,unreviewed,,
TransformationColumnSpec,map,HashExpr,hash_expr,TransformationColumnSpec,*HashExpression,object,HashExpression,,,,,,,,,,0,0,pending,unreviewed,,
TransformationColumnSpec,map,Where,where,TransformationColumnSpec,*ExpressionNode,object,ExpressionNode,,,,,,,,,,0,0,pending,unreviewed,,
TransformationColumnSpec,map,CaseExpr,case_expr,TransformationColumnSpec,[]CaseExpression,array,CaseExpression,,,,,,,,,,0,0,pending,unreviewed,,
TransformationColumnSpec,map,ElseExpr,else_expr,TransformationColumnSpec,[]*TransformationColumnSpec,array,TransformationColumnSpec,,,,,,,,,,0,0,pending,unreviewed,,
TransformationColumnSpec,map,MapOn,map_on,TransformationColumnSpec,*string,scalar,-,,,,,,,,,,0,0,pending,unreviewed,,
TransformationColumnSpec,map,AlternateMapOn,alternate_map_on,TransformationColumnSpec,[]string,array,-,,,,,,,,,,0,0,pending,unreviewed,,
TransformationColumnSpec,map,ApplyMap,apply_map,TransformationColumnSpec,[]TransformationColumnSpec,array,TransformationColumnSpec,,,,,,,,,,0,0,pending,unreviewed,,
TransformationColumnSpec,map,ApplyReduce,apply_reduce,TransformationColumnSpec,[]TransformationColumnSpec,array,TransformationColumnSpec,,,,,,,,,,0,0,pending,unreviewed,,
TransformationColumnSpec,map,LookupName,lookup_name,TransformationColumnSpec,*string,scalar,-,,,,,,,,,,0,0,pending,unreviewed,,
TransformationColumnSpec,map,LookupKey,key,TransformationColumnSpec,[]LookupColumnSpec,array,LookupColumnSpec,,,,,,,,,,0,0,pending,unreviewed,,
TransformationColumnSpec,map,LookupValues,values,TransformationColumnSpec,[]LookupColumnSpec,array,LookupColumnSpec,,,,,,,,,,0,0,pending,unreviewed,,
TransformationColumnSpec,map,MaxEnvVarSubstitution,max_env_var_substitution,TransformationColumnSpec,int,scalar,-,,,,,,,,,,0,0,pending,unreviewed,,
TransformationColumnSpec,map,AsRdfType,as_rdf_type,TransformationColumnSpec,string,scalar,-,,,,,,,,,,0,0,pending,unreviewed,,
TransformationColumnSpec,map_reduce,Comment,comment,TransformationColumnSpec,string,scalar,-,,,,,,,,,,0,0,pending,unreviewed,,
TransformationColumnSpec,map_reduce,Name,name,TransformationColumnSpec,string,scalar,-,,,,,,,,,,0,0,pending,unreviewed,,
TransformationColumnSpec,map_reduce,Type,type,TransformationColumnSpec,string,scalar,-,,,,,,,,,,5,5,pending,unreviewed,,
TransformationColumnSpec,map_reduce,Expr,expr,TransformationColumnSpec,*string,scalar,-,,,,,,,,,,0,0,pending,unreviewed,,
TransformationColumnSpec,map_reduce,ExprArray,expr_array,TransformationColumnSpec,[]string,array,-,,,,,,,,,,0,0,pending,unreviewed,,
TransformationColumnSpec,map_reduce,MapExpr,map_expr,TransformationColumnSpec,*MapExpression,object,MapExpression,,,,,,,,,,0,0,pending,unreviewed,,
TransformationColumnSpec,map_reduce,EvalExpr,eval_expr,TransformationColumnSpec,*ExpressionNode,object,ExpressionNode,,,,,,,,,,0,0,pending,unreviewed,,
TransformationColumnSpec,map_reduce,HashExpr,hash_expr,TransformationColumnSpec,*HashExpression,object,HashExpression,,,,,,,,,,0,0,pending,unreviewed,,
TransformationColumnSpec,map_reduce,Where,where,TransformationColumnSpec,*ExpressionNode,object,ExpressionNode,,,,,,,,,,0,0,pending,unreviewed,,
TransformationColumnSpec,map_reduce,CaseExpr,case_expr,TransformationColumnSpec,[]CaseExpression,array,CaseExpression,,,,,,,,,,0,0,pending,unreviewed,,
TransformationColumnSpec,map_reduce,ElseExpr,else_expr,TransformationColumnSpec,[]*TransformationColumnSpec,array,TransformationColumnSpec,,,,,,,,,,0,0,pending,unreviewed,,
TransformationColumnSpec,map_reduce,MapOn,map_on,TransformationColumnSpec,*string,scalar,-,,,,,,,,,,5,5,pending,unreviewed,,
TransformationColumnSpec,map_reduce,AlternateMapOn,alternate_map_on,TransformationColumnSpec,[]string,array,-,,,,,,,,,,0,0,pending,unreviewed,,
TransformationColumnSpec,map_reduce,ApplyMap,apply_map,TransformationColumnSpec,[]TransformationColumnSpec,array,TransformationColumnSpec,,,,,,,,,,5,5,pending,unreviewed,,
TransformationColumnSpec,map_reduce,ApplyReduce,apply_reduce,TransformationColumnSpec,[]TransformationColumnSpec,array,TransformationColumnSpec,,,,,,,,,,5,5,pending,unreviewed,,
TransformationColumnSpec,map_reduce,LookupName,lookup_name,TransformationColumnSpec,*string,scalar,-,,,,,,,,,,0,0,pending,unreviewed,,
TransformationColumnSpec,map_reduce,LookupKey,key,TransformationColumnSpec,[]LookupColumnSpec,array,LookupColumnSpec,,,,,,,,,,0,0,pending,unreviewed,,
TransformationColumnSpec,map_reduce,LookupValues,values,TransformationColumnSpec,[]LookupColumnSpec,array,LookupColumnSpec,,,,,,,,,,0,0,pending,unreviewed,,
TransformationColumnSpec,map_reduce,MaxEnvVarSubstitution,max_env_var_substitution,TransformationColumnSpec,int,scalar,-,,,,,,,,,,0,0,pending,unreviewed,,
TransformationColumnSpec,map_reduce,AsRdfType,as_rdf_type,TransformationColumnSpec,string,scalar,-,,,,,,,,,,0,0,pending,unreviewed,,
TransformationColumnSpec,max,Comment,comment,TransformationColumnSpec,string,scalar,-,,,,,,,,,,0,0,pending,unreviewed,,
TransformationColumnSpec,max,Name,name,TransformationColumnSpec,string,scalar,-,,,,,,,,,,4,4,pending,unreviewed,,
TransformationColumnSpec,max,Type,type,TransformationColumnSpec,string,scalar,-,,,,,,,,,,4,4,pending,unreviewed,,
TransformationColumnSpec,max,Expr,expr,TransformationColumnSpec,*string,scalar,-,,,,,,,,,,4,4,pending,unreviewed,,
TransformationColumnSpec,max,ExprArray,expr_array,TransformationColumnSpec,[]string,array,-,,,,,,,,,,0,0,pending,unreviewed,,
TransformationColumnSpec,max,MapExpr,map_expr,TransformationColumnSpec,*MapExpression,object,MapExpression,,,,,,,,,,0,0,pending,unreviewed,,
TransformationColumnSpec,max,EvalExpr,eval_expr,TransformationColumnSpec,*ExpressionNode,object,ExpressionNode,,,,,,,,,,0,0,pending,unreviewed,,
TransformationColumnSpec,max,HashExpr,hash_expr,TransformationColumnSpec,*HashExpression,object,HashExpression,,,,,,,,,,0,0,pending,unreviewed,,
TransformationColumnSpec,max,Where,where,TransformationColumnSpec,*ExpressionNode,object,ExpressionNode,,,,,,,,,,0,0,pending,unreviewed,,
TransformationColumnSpec,max,CaseExpr,case_expr,TransformationColumnSpec,[]CaseExpression,array,CaseExpression,,,,,,,,,,0,0,pending,unreviewed,,
TransformationColumnSpec,max,ElseExpr,else_expr,TransformationColumnSpec,[]*TransformationColumnSpec,array,TransformationColumnSpec,,,,,,,,,,0,0,pending,unreviewed,,
TransformationColumnSpec,max,MapOn,map_on,TransformationColumnSpec,*string,scalar,-,,,,,,,,,,0,0,pending,unreviewed,,
TransformationColumnSpec,max,AlternateMapOn,alternate_map_on,TransformationColumnSpec,[]string,array,-,,,,,,,,,,0,0,pending,unreviewed,,
TransformationColumnSpec,max,ApplyMap,apply_map,TransformationColumnSpec,[]TransformationColumnSpec,array,TransformationColumnSpec,,,,,,,,,,0,0,pending,unreviewed,,
TransformationColumnSpec,max,ApplyReduce,apply_reduce,TransformationColumnSpec,[]TransformationColumnSpec,array,TransformationColumnSpec,,,,,,,,,,0,0,pending,unreviewed,,
TransformationColumnSpec,max,LookupName,lookup_name,TransformationColumnSpec,*string,scalar,-,,,,,,,,,,0,0,pending,unreviewed,,
TransformationColumnSpec,max,LookupKey,key,TransformationColumnSpec,[]LookupColumnSpec,array,LookupColumnSpec,,,,,,,,,,0,0,pending,unreviewed,,
TransformationColumnSpec,max,LookupValues,values,TransformationColumnSpec,[]LookupColumnSpec,array,LookupColumnSpec,,,,,,,,,,0,0,pending,unreviewed,,
TransformationColumnSpec,max,MaxEnvVarSubstitution,max_env_var_substitution,TransformationColumnSpec,int,scalar,-,,,,,,,,,,0,0,pending,unreviewed,,
TransformationColumnSpec,max,AsRdfType,as_rdf_type,TransformationColumnSpec,string,scalar,-,,,,,,,,,,4,4,pending,unreviewed,,
TransformationColumnSpec,min,Comment,comment,TransformationColumnSpec,string,scalar,-,,,,,,,,,,0,0,pending,unreviewed,,
TransformationColumnSpec,min,Name,name,TransformationColumnSpec,string,scalar,-,,,,,,,,,,3,3,pending,unreviewed,,
TransformationColumnSpec,min,Type,type,TransformationColumnSpec,string,scalar,-,,,,,,,,,,3,3,pending,unreviewed,,
TransformationColumnSpec,min,Expr,expr,TransformationColumnSpec,*string,scalar,-,,,,,,,,,,3,3,pending,unreviewed,,
TransformationColumnSpec,min,ExprArray,expr_array,TransformationColumnSpec,[]string,array,-,,,,,,,,,,0,0,pending,unreviewed,,
TransformationColumnSpec,min,MapExpr,map_expr,TransformationColumnSpec,*MapExpression,object,MapExpression,,,,,,,,,,0,0,pending,unreviewed,,
TransformationColumnSpec,min,EvalExpr,eval_expr,TransformationColumnSpec,*ExpressionNode,object,ExpressionNode,,,,,,,,,,0,0,pending,unreviewed,,
TransformationColumnSpec,min,HashExpr,hash_expr,TransformationColumnSpec,*HashExpression,object,HashExpression,,,,,,,,,,0,0,pending,unreviewed,,
TransformationColumnSpec,min,Where,where,TransformationColumnSpec,*ExpressionNode,object,ExpressionNode,,,,,,,,,,0,0,pending,unreviewed,,
TransformationColumnSpec,min,CaseExpr,case_expr,TransformationColumnSpec,[]CaseExpression,array,CaseExpression,,,,,,,,,,0,0,pending,unreviewed,,
TransformationColumnSpec,min,ElseExpr,else_expr,TransformationColumnSpec,[]*TransformationColumnSpec,array,TransformationColumnSpec,,,,,,,,,,0,0,pending,unreviewed,,
TransformationColumnSpec,min,MapOn,map_on,TransformationColumnSpec,*string,scalar,-,,,,,,,,,,0,0,pending,unreviewed,,
TransformationColumnSpec,min,AlternateMapOn,alternate_map_on,TransformationColumnSpec,[]string,array,-,,,,,,,,,,0,0,pending,unreviewed,,
TransformationColumnSpec,min,ApplyMap,apply_map,TransformationColumnSpec,[]TransformationColumnSpec,array,TransformationColumnSpec,,,,,,,,,,0,0,pending,unreviewed,,
TransformationColumnSpec,min,ApplyReduce,apply_reduce,TransformationColumnSpec,[]TransformationColumnSpec,array,TransformationColumnSpec,,,,,,,,,,0,0,pending,unreviewed,,
TransformationColumnSpec,min,LookupName,lookup_name,TransformationColumnSpec,*string,scalar,-,,,,,,,,,,0,0,pending,unreviewed,,
TransformationColumnSpec,min,LookupKey,key,TransformationColumnSpec,[]LookupColumnSpec,array,LookupColumnSpec,,,,,,,,,,0,0,pending,unreviewed,,
TransformationColumnSpec,min,LookupValues,values,TransformationColumnSpec,[]LookupColumnSpec,array,LookupColumnSpec,,,,,,,,,,0,0,pending,unreviewed,,
TransformationColumnSpec,min,MaxEnvVarSubstitution,max_env_var_substitution,TransformationColumnSpec,int,scalar,-,,,,,,,,,,0,0,pending,unreviewed,,
TransformationColumnSpec,min,AsRdfType,as_rdf_type,TransformationColumnSpec,string,scalar,-,,,,,,,,,,3,3,pending,unreviewed,,
TransformationColumnSpec,multi_select,Comment,comment,TransformationColumnSpec,string,scalar,-,,,,,,,,,,,,pending,unreviewed,,
TransformationColumnSpec,multi_select,Name,name,TransformationColumnSpec,string,scalar,-,,,,,,,,,,,,pending,unreviewed,,
TransformationColumnSpec,multi_select,Type,type,TransformationColumnSpec,string,scalar,-,,,,,,,,,,,,pending,unreviewed,,
TransformationColumnSpec,multi_select,Expr,expr,TransformationColumnSpec,*string,scalar,-,,,,,,,,,,,,pending,unreviewed,,
TransformationColumnSpec,multi_select,ExprArray,expr_array,TransformationColumnSpec,[]string,array,-,,,,,,,,,,,,pending,unreviewed,,
TransformationColumnSpec,multi_select,MapExpr,map_expr,TransformationColumnSpec,*MapExpression,object,MapExpression,,,,,,,,,,,,pending,unreviewed,,
TransformationColumnSpec,multi_select,EvalExpr,eval_expr,TransformationColumnSpec,*ExpressionNode,object,ExpressionNode,,,,,,,,,,,,pending,unreviewed,,
TransformationColumnSpec,multi_select,HashExpr,hash_expr,TransformationColumnSpec,*HashExpression,object,HashExpression,,,,,,,,,,,,pending,unreviewed,,
TransformationColumnSpec,multi_select,Where,where,TransformationColumnSpec,*ExpressionNode,object,ExpressionNode,,,,,,,,,,,,pending,unreviewed,,
TransformationColumnSpec,multi_select,CaseExpr,case_expr,TransformationColumnSpec,[]CaseExpression,array,CaseExpression,,,,,,,,,,,,pending,unreviewed,,
TransformationColumnSpec,multi_select,ElseExpr,else_expr,TransformationColumnSpec,[]*TransformationColumnSpec,array,TransformationColumnSpec,,,,,,,,,,,,pending,unreviewed,,
TransformationColumnSpec,multi_select,MapOn,map_on,TransformationColumnSpec,*string,scalar,-,,,,,,,,,,,,pending,unreviewed,,
TransformationColumnSpec,multi_select,AlternateMapOn,alternate_map_on,TransformationColumnSpec,[]string,array,-,,,,,,,,,,,,pending,unreviewed,,
TransformationColumnSpec,multi_select,ApplyMap,apply_map,TransformationColumnSpec,[]TransformationColumnSpec,array,TransformationColumnSpec,,,,,,,,,,,,pending,unreviewed,,
TransformationColumnSpec,multi_select,ApplyReduce,apply_reduce,TransformationColumnSpec,[]TransformationColumnSpec,array,TransformationColumnSpec,,,,,,,,,,,,pending,unreviewed,,
TransformationColumnSpec,multi_select,LookupName,lookup_name,TransformationColumnSpec,*string,scalar,-,,,,,,,,,,,,pending,unreviewed,,
TransformationColumnSpec,multi_select,LookupKey,key,TransformationColumnSpec,[]LookupColumnSpec,array,LookupColumnSpec,,,,,,,,,,,,pending,unreviewed,,
TransformationColumnSpec,multi_select,LookupValues,values,TransformationColumnSpec,[]LookupColumnSpec,array,LookupColumnSpec,,,,,,,,,,,,pending,unreviewed,,
TransformationColumnSpec,multi_select,MaxEnvVarSubstitution,max_env_var_substitution,TransformationColumnSpec,int,scalar,-,,,,,,,,,,,,pending,unreviewed,,
TransformationColumnSpec,multi_select,AsRdfType,as_rdf_type,TransformationColumnSpec,string,scalar,-,,,,,,,,,,,,pending,unreviewed,,
TransformationColumnSpec,select,Comment,comment,TransformationColumnSpec,string,scalar,-,,,,,,,,,,0,0,pending,unreviewed,,
TransformationColumnSpec,select,Name,name,TransformationColumnSpec,string,scalar,-,,,,,,,,,,740,740,pending,unreviewed,,
TransformationColumnSpec,select,Type,type,TransformationColumnSpec,string,scalar,-,,,,,,,,,,740,740,pending,unreviewed,,
TransformationColumnSpec,select,Expr,expr,TransformationColumnSpec,*string,scalar,-,,,,,,,,,,740,740,pending,unreviewed,,
TransformationColumnSpec,select,ExprArray,expr_array,TransformationColumnSpec,[]string,array,-,,,,,,,,,,0,0,pending,unreviewed,,
TransformationColumnSpec,select,MapExpr,map_expr,TransformationColumnSpec,*MapExpression,object,MapExpression,,,,,,,,,,0,0,pending,unreviewed,,
TransformationColumnSpec,select,EvalExpr,eval_expr,TransformationColumnSpec,*ExpressionNode,object,ExpressionNode,,,,,,,,,,0,0,pending,unreviewed,,
TransformationColumnSpec,select,HashExpr,hash_expr,TransformationColumnSpec,*HashExpression,object,HashExpression,,,,,,,,,,0,0,pending,unreviewed,,
TransformationColumnSpec,select,Where,where,TransformationColumnSpec,*ExpressionNode,object,ExpressionNode,,,,,,,,,,0,0,pending,unreviewed,,
TransformationColumnSpec,select,CaseExpr,case_expr,TransformationColumnSpec,[]CaseExpression,array,CaseExpression,,,,,,,,,,0,0,pending,unreviewed,,
TransformationColumnSpec,select,ElseExpr,else_expr,TransformationColumnSpec,[]*TransformationColumnSpec,array,TransformationColumnSpec,,,,,,,,,,0,0,pending,unreviewed,,
TransformationColumnSpec,select,MapOn,map_on,TransformationColumnSpec,*string,scalar,-,,,,,,,,,,0,0,pending,unreviewed,,
TransformationColumnSpec,select,AlternateMapOn,alternate_map_on,TransformationColumnSpec,[]string,array,-,,,,,,,,,,0,0,pending,unreviewed,,
TransformationColumnSpec,select,ApplyMap,apply_map,TransformationColumnSpec,[]TransformationColumnSpec,array,TransformationColumnSpec,,,,,,,,,,0,0,pending,unreviewed,,
TransformationColumnSpec,select,ApplyReduce,apply_reduce,TransformationColumnSpec,[]TransformationColumnSpec,array,TransformationColumnSpec,,,,,,,,,,0,0,pending,unreviewed,,
TransformationColumnSpec,select,LookupName,lookup_name,TransformationColumnSpec,*string,scalar,-,,,,,,,,,,0,0,pending,unreviewed,,
TransformationColumnSpec,select,LookupKey,key,TransformationColumnSpec,[]LookupColumnSpec,array,LookupColumnSpec,,,,,,,,,,0,0,pending,unreviewed,,
TransformationColumnSpec,select,LookupValues,values,TransformationColumnSpec,[]LookupColumnSpec,array,LookupColumnSpec,,,,,,,,,,0,0,pending,unreviewed,,
TransformationColumnSpec,select,MaxEnvVarSubstitution,max_env_var_substitution,TransformationColumnSpec,int,scalar,-,,,,,,,,,,0,0,pending,unreviewed,,
TransformationColumnSpec,select,AsRdfType,as_rdf_type,TransformationColumnSpec,string,scalar,-,,,,,,,,,,0,0,pending,unreviewed,,
TransformationColumnSpec,sum,Comment,comment,TransformationColumnSpec,string,scalar,-,,,,,,,,,,0,0,pending,unreviewed,,
TransformationColumnSpec,sum,Name,name,TransformationColumnSpec,string,scalar,-,,,,,,,,,,187,187,pending,unreviewed,,
TransformationColumnSpec,sum,Type,type,TransformationColumnSpec,string,scalar,-,,,,,,,,,,187,187,pending,unreviewed,,
TransformationColumnSpec,sum,Expr,expr,TransformationColumnSpec,*string,scalar,-,,,,,,,,,,187,187,pending,unreviewed,,
TransformationColumnSpec,sum,ExprArray,expr_array,TransformationColumnSpec,[]string,array,-,,,,,,,,,,0,0,pending,unreviewed,,
TransformationColumnSpec,sum,MapExpr,map_expr,TransformationColumnSpec,*MapExpression,object,MapExpression,,,,,,,,,,0,0,pending,unreviewed,,
TransformationColumnSpec,sum,EvalExpr,eval_expr,TransformationColumnSpec,*ExpressionNode,object,ExpressionNode,,,,,,,,,,0,0,pending,unreviewed,,
TransformationColumnSpec,sum,HashExpr,hash_expr,TransformationColumnSpec,*HashExpression,object,HashExpression,,,,,,,,,,0,0,pending,unreviewed,,
TransformationColumnSpec,sum,Where,where,TransformationColumnSpec,*ExpressionNode,object,ExpressionNode,,,,,,,,,,0,0,pending,unreviewed,,
TransformationColumnSpec,sum,CaseExpr,case_expr,TransformationColumnSpec,[]CaseExpression,array,CaseExpression,,,,,,,,,,0,0,pending,unreviewed,,
TransformationColumnSpec,sum,ElseExpr,else_expr,TransformationColumnSpec,[]*TransformationColumnSpec,array,TransformationColumnSpec,,,,,,,,,,0,0,pending,unreviewed,,
TransformationColumnSpec,sum,MapOn,map_on,TransformationColumnSpec,*string,scalar,-,,,,,,,,,,0,0,pending,unreviewed,,
TransformationColumnSpec,sum,AlternateMapOn,alternate_map_on,TransformationColumnSpec,[]string,array,-,,,,,,,,,,0,0,pending,unreviewed,,
TransformationColumnSpec,sum,ApplyMap,apply_map,TransformationColumnSpec,[]TransformationColumnSpec,array,TransformationColumnSpec,,,,,,,,,,0,0,pending,unreviewed,,
TransformationColumnSpec,sum,ApplyReduce,apply_reduce,TransformationColumnSpec,[]TransformationColumnSpec,array,TransformationColumnSpec,,,,,,,,,,0,0,pending,unreviewed,,
TransformationColumnSpec,sum,LookupName,lookup_name,TransformationColumnSpec,*string,scalar,-,,,,,,,,,,0,0,pending,unreviewed,,
TransformationColumnSpec,sum,LookupKey,key,TransformationColumnSpec,[]LookupColumnSpec,array,LookupColumnSpec,,,,,,,,,,0,0,pending,unreviewed,,
TransformationColumnSpec,sum,LookupValues,values,TransformationColumnSpec,[]LookupColumnSpec,array,LookupColumnSpec,,,,,,,,,,0,0,pending,unreviewed,,
TransformationColumnSpec,sum,MaxEnvVarSubstitution,max_env_var_substitution,TransformationColumnSpec,int,scalar,-,,,,,,,,,,0,0,pending,unreviewed,,
TransformationColumnSpec,sum,AsRdfType,as_rdf_type,TransformationColumnSpec,string,scalar,-,,,,,,,,,,2,2,pending,unreviewed,,
TransformationColumnSpec,value,Comment,comment,TransformationColumnSpec,string,scalar,-,,,,,,,,,,0,0,pending,unreviewed,,
TransformationColumnSpec,value,Name,name,TransformationColumnSpec,string,scalar,-,,,,,,,,,,602,599,pending,unreviewed,,
TransformationColumnSpec,value,Type,type,TransformationColumnSpec,string,scalar,-,,,,,,,,,,602,599,pending,unreviewed,,
TransformationColumnSpec,value,Expr,expr,TransformationColumnSpec,*string,scalar,-,,,,,,,,,,602,599,pending,unreviewed,,
TransformationColumnSpec,value,ExprArray,expr_array,TransformationColumnSpec,[]string,array,-,,,,,,,,,,0,0,pending,unreviewed,,
TransformationColumnSpec,value,MapExpr,map_expr,TransformationColumnSpec,*MapExpression,object,MapExpression,,,,,,,,,,0,0,pending,unreviewed,,
TransformationColumnSpec,value,EvalExpr,eval_expr,TransformationColumnSpec,*ExpressionNode,object,ExpressionNode,,,,,,,,,,0,0,pending,unreviewed,,
TransformationColumnSpec,value,HashExpr,hash_expr,TransformationColumnSpec,*HashExpression,object,HashExpression,,,,,,,,,,0,0,pending,unreviewed,,
TransformationColumnSpec,value,Where,where,TransformationColumnSpec,*ExpressionNode,object,ExpressionNode,,,,,,,,,,0,0,pending,unreviewed,,
TransformationColumnSpec,value,CaseExpr,case_expr,TransformationColumnSpec,[]CaseExpression,array,CaseExpression,,,,,,,,,,0,0,pending,unreviewed,,
TransformationColumnSpec,value,ElseExpr,else_expr,TransformationColumnSpec,[]*TransformationColumnSpec,array,TransformationColumnSpec,,,,,,,,,,0,0,pending,unreviewed,,
TransformationColumnSpec,value,MapOn,map_on,TransformationColumnSpec,*string,scalar,-,,,,,,,,,,0,0,pending,unreviewed,,
TransformationColumnSpec,value,AlternateMapOn,alternate_map_on,TransformationColumnSpec,[]string,array,-,,,,,,,,,,0,0,pending,unreviewed,,
TransformationColumnSpec,value,ApplyMap,apply_map,TransformationColumnSpec,[]TransformationColumnSpec,array,TransformationColumnSpec,,,,,,,,,,0,0,pending,unreviewed,,
TransformationColumnSpec,value,ApplyReduce,apply_reduce,TransformationColumnSpec,[]TransformationColumnSpec,array,TransformationColumnSpec,,,,,,,,,,0,0,pending,unreviewed,,
TransformationColumnSpec,value,LookupName,lookup_name,TransformationColumnSpec,*string,scalar,-,,,,,,,,,,0,0,pending,unreviewed,,
TransformationColumnSpec,value,LookupKey,key,TransformationColumnSpec,[]LookupColumnSpec,array,LookupColumnSpec,,,,,,,,,,0,0,pending,unreviewed,,
TransformationColumnSpec,value,LookupValues,values,TransformationColumnSpec,[]LookupColumnSpec,array,LookupColumnSpec,,,,,,,,,,0,0,pending,unreviewed,,
TransformationColumnSpec,value,MaxEnvVarSubstitution,max_env_var_substitution,TransformationColumnSpec,int,scalar,-,,,,,,,,,,0,0,pending,unreviewed,,
TransformationColumnSpec,value,AsRdfType,as_rdf_type,TransformationColumnSpec,string,scalar,-,,,,,,,,,,0,0,pending,unreviewed,,
MapExpression,*,Comment,comment,MapExpression,string,scalar,-,,,,,,,,,,0,0,pending,unreviewed,,
MapExpression,*,CleansingFunction,cleansing_function,MapExpression,string,scalar,-,,,,,,,,,,28,28,pending,unreviewed,,
MapExpression,*,Argument,argument,MapExpression,string,scalar,-,,,,,,,,,,27,27,pending,unreviewed,,
MapExpression,*,Default,default,MapExpression,string,scalar,-,,,,,,,,,,27,27,pending,unreviewed,,
MapExpression,*,ErrMsg,err_msg,MapExpression,string,scalar,-,,,,,,,,,,0,0,pending,unreviewed,,
MapExpression,*,CodeValueMapping,code_value_mapping,MapExpression,map[string]string,map,-,,,,,,,,,,0,0,pending,unreviewed,,
MapExpression,*,RdfType,rdf_type,MapExpression,string,scalar,-,,,,,,,,,,242,242,pending,unreviewed,,
CaseExpression,*,Comment,comment,CaseExpression,string,scalar,-,,,,,,,,,,0,0,pending,unreviewed,,
CaseExpression,*,When,when,CaseExpression,ExpressionNode,object,ExpressionNode,,,,,,,,,,171,171,pending,unreviewed,,
CaseExpression,*,Then,then,CaseExpression,[]*TransformationColumnSpec,array,TransformationColumnSpec,,,,,,,,,,171,171,pending,unreviewed,,
LookupColumnSpec,select,Comment,comment,LookupColumnSpec,string,scalar,-,,,,,,,,,,0,0,pending,unreviewed,,
LookupColumnSpec,select,Name,name,LookupColumnSpec,string,scalar,-,,,,,,,,,,36,36,pending,unreviewed,,
LookupColumnSpec,select,Type,type,LookupColumnSpec,string,scalar,-,,,,,,,,,,45,45,pending,unreviewed,,
LookupColumnSpec,select,Expr,expr,LookupColumnSpec,*string,scalar,-,,,,,,,,,,45,45,pending,unreviewed,,
LookupColumnSpec,select,MaxEnvVarSubstitution,max_env_var_substitution,LookupColumnSpec,int,scalar,-,,,,,,,,,,0,0,pending,unreviewed,,
LookupColumnSpec,value,Comment,comment,LookupColumnSpec,string,scalar,-,,,,,,,,,,,,pending,unreviewed,,
LookupColumnSpec,value,Name,name,LookupColumnSpec,string,scalar,-,,,,,,,,,,,,pending,unreviewed,,
LookupColumnSpec,value,Type,type,LookupColumnSpec,string,scalar,-,,,,,,,,,,,,pending,unreviewed,,
LookupColumnSpec,value,Expr,expr,LookupColumnSpec,*string,scalar,-,,,,,,,,,,,,pending,unreviewed,,
LookupColumnSpec,value,MaxEnvVarSubstitution,max_env_var_substitution,LookupColumnSpec,int,scalar,-,,,,,,,,,,,,pending,unreviewed,,
